demand_point_index,x_coordinate,y_coordinate,supply_point
0,0.5,0.5,38
1,1.5,0.5,38
2,2.5,0.5,38
3,3.5,0.5,38
4,4.5,0.5,38
5,5.5,0.5,38
6,6.5,0.5,38
7,7.5,0.5,38
8,8.5,0.5,38
9,9.5,0.5,38
10,10.5,0.5,38
11,11.5,0.5,38
12,12.5,0.5,24
13,13.5,0.5,24
14,14.5,0.5,24
15,15.5,0.5,24
16,16.5,0.5,57
17,17.5,0.5,57
18,18.5,0.5,60
19,19.5,0.5,60
20,20.5,0.5,60
21,21.5,0.5,60
22,22.5,0.5,60
23,23.5,0.5,60
24,24.5,0.5,74
25,25.5,0.5,74
26,26.5,0.5,74
27,27.5,0.5,74
28,28.5,0.5,74
29,29.5,0.5,74
30,30.5,0.5,74
31,31.5,0.5,74
32,32.5,0.5,92
33,33.5,0.5,92
34,34.5,0.5,92
35,35.5,0.5,92
36,36.5,0.5,92
37,37.5,0.5,92
38,38.5,0.5,76
39,39.5,0.5,76
40,40.5,0.5,76
41,41.5,0.5,76
42,42.5,0.5,76
43,43.5,0.5,76
44,44.5,0.5,76
45,45.5,0.5,76
46,46.5,0.5,76
47,47.5,0.5,76
48,48.5,0.5,10
49,49.5,0.5,10
50,50.5,0.5,10
51,51.5,0.5,10
52,52.5,0.5,10
53,53.5,0.5,10
54,54.5,0.5,10
55,55.5,0.5,10
56,56.5,0.5,10
57,57.5,0.5,10
58,58.5,0.5,10
59,59.5,0.5,10
60,60.5,0.5,10
61,61.5,0.5,10
62,62.5,0.5,10
63,63.5,0.5,10
64,0.5,1.5,88
65,1.5,1.5,38
66,2.5,1.5,38
67,3.5,1.5,38
68,4.5,1.5,38
69,5.5,1.5,38
70,6.5,1.5,38
71,7.5,1.5,38
72,8.5,1.5,38
73,9.5,1.5,38
74,10.5,1.5,38
75,11.5,1.5,38
76,12.5,1.5,24
77,13.5,1.5,24
78,14.5,1.5,24
79,15.5,1.5,24
80,16.5,1.5,57
81,17.5,1.5,57
82,18.5,1.5,57
83,19.5,1.5,60
84,20.5,1.5,60
85,21.5,1.5,60
86,22.5,1.5,60
87,23.5,1.5,74
88,24.5,1.5,74
89,25.5,1.5,74
90,26.5,1.5,74
91,27.5,1.5,74
92,28.5,1.5,74
93,29.5,1.5,74
94,30.5,1.5,74
95,31.5,1.5,74
96,32.5,1.5,92
97,33.5,1.5,92
98,34.5,1.5,92
99,35.5,1.5,92
100,36.5,1.5,92
101,37.5,1.5,92
102,38.5,1.5,92
103,39.5,1.5,76
104,40.5,1.5,76
105,41.5,1.5,76
106,42.5,1.5,76
107,43.5,1.5,76
108,44.5,1.5,76
109,45.5,1.5,76
110,46.5,1.5,76
111,47.5,1.5,76
112,48.5,1.5,10
113,49.5,1.5,10
114,50.5,1.5,10
115,51.5,1.5,10
116,52.5,1.5,10
117,53.5,1.5,10
118,54.5,1.5,10
119,55.5,1.5,10
120,56.5,1.5,10
121,57.5,1.5,10
122,58.5,1.5,10
123,59.5,1.5,10
124,60.5,1.5,10
125,61.5,1.5,10
126,62.5,1.5,10
127,63.5,1.5,10
128,0.5,2.5,88
129,1.5,2.5,88
130,2.5,2.5,38
131,3.5,2.5,38
132,4.5,2.5,38
133,5.5,2.5,38
134,6.5,2.5,38
135,7.5,2.5,38
136,8.5,2.5,38
137,9.5,2.5,38
138,10.5,2.5,38
139,11.5,2.5,24
140,12.5,2.5,24
141,13.5,2.5,24
142,14.5,2.5,24
143,15.5,2.5,24
144,16.5,2.5,57
145,17.5,2.5,57
146,18.5,2.5,57
147,19.5,2.5,99
148,20.5,2.5,60
149,21.5,2.5,60
150,22.5,2.5,60
151,23.5,2.5,74
152,24.5,2.5,74
153,25.5,2.5,74
154,26.5,2.5,74
155,27.5,2.5,74
156,28.5,2.5,74
157,29.5,2.5,74
158,30.5,2.5,74
159,31.5,2.5,74
160,32.5,2.5,92
161,33.5,2.5,92
162,34.5,2.5,92
163,35.5,2.5,92
164,36.5,2.5,92
165,37.5,2.5,92
166,38.5,2.5,92
167,39.5,2.5,76
168,40.5,2.5,76
169,41.5,2.5,76
170,42.5,2.5,76
171,43.5,2.5,76
172,44.5,2.5,76
173,45.5,2.5,76
174,46.5,2.5,76
175,47.5,2.5,76
176,48.5,2.5,10
177,49.5,2.5,10
178,50.5,2.5,10
179,51.5,2.5,10
180,52.5,2.5,10
181,53.5,2.5,10
182,54.5,2.5,10
183,55.5,2.5,10
184,56.5,2.5,10
185,57.5,2.5,10
186,58.5,2.5,10
187,59.5,2.5,10
188,60.5,2.5,10
189,61.5,2.5,10
190,62.5,2.5,10
191,63.5,2.5,10
192,0.5,3.5,88
193,1.5,3.5,88
194,2.5,3.5,88
195,3.5,3.5,38
196,4.5,3.5,38
197,5.5,3.5,38
198,6.5,3.5,38
199,7.5,3.5,38
200,8.5,3.5,38
201,9.5,3.5,38
202,10.5,3.5,38
203,11.5,3.5,24
204,12.5,3.5,24
205,13.5,3.5,24
206,14.5,3.5,24
207,15.5,3.5,24
208,16.5,3.5,57
209,17.5,3.5,57
210,18.5,3.5,99
211,19.5,3.5,99
212,20.5,3.5,99
213,21.5,3.5,60
214,22.5,3.5,74
215,23.5,3.5,74
216,24.5,3.5,74
217,25.5,3.5,74
218,26.5,3.5,74
219,27.5,3.5,74
220,28.5,3.5,74
221,29.5,3.5,74
222,30.5,3.5,74
223,31.5,3.5,74
224,32.5,3.5,92
225,33.5,3.5,92
226,34.5,3.5,92
227,35.5,3.5,92
228,36.5,3.5,92
229,37.5,3.5,92
230,38.5,3.5,92
231,39.5,3.5,92
232,40.5,3.5,76
233,41.5,3.5,76
234,42.5,3.5,76
235,43.5,3.5,76
236,44.5,3.5,76
237,45.5,3.5,76
238,46.5,3.5,76
239,47.5,3.5,10
240,48.5,3.5,10
241,49.5,3.5,10
242,50.5,3.5,10
243,51.5,3.5,10
244,52.5,3.5,10
245,53.5,3.5,10
246,54.5,3.5,10
247,55.5,3.5,10
248,56.5,3.5,10
249,57.5,3.5,10
250,58.5,3.5,10
251,59.5,3.5,10
252,60.5,3.5,10
253,61.5,3.5,10
254,62.5,3.5,10
255,63.5,3.5,10
256,0.5,4.5,88
257,1.5,4.5,88
258,2.5,4.5,88
259,3.5,4.5,88
260,4.5,4.5,38
261,5.5,4.5,38
262,6.5,4.5,38
263,7.5,4.5,38
264,8.5,4.5,38
265,9.5,4.5,38
266,10.5,4.5,38
267,11.5,4.5,24
268,12.5,4.5,24
269,13.5,4.5,24
270,14.5,4.5,24
271,15.5,4.5,24
272,16.5,4.5,57
273,17.5,4.5,57
274,18.5,4.5,99
275,19.5,4.5,99
276,20.5,4.5,99
277,21.5,4.5,99
278,22.5,4.5,74
279,23.5,4.5,74
280,24.5,4.5,74
281,25.5,4.5,74
282,26.5,4.5,74
283,27.5,4.5,74
284,28.5,4.5,74
285,29.5,4.5,74
286,30.5,4.5,74
287,31.5,4.5,74
288,32.5,4.5,92
289,33.5,4.5,92
290,34.5,4.5,92
291,35.5,4.5,92
292,36.5,4.5,92
293,37.5,4.5,92
294,38.5,4.5,92
295,39.5,4.5,92
296,40.5,4.5,76
297,41.5,4.5,76
298,42.5,4.5,76
299,43.5,4.5,76
300,44.5,4.5,76
301,45.5,4.5,76
302,46.5,4.5,76
303,47.5,4.5,10
304,48.5,4.5,10
305,49.5,4.5,10
306,50.5,4.5,10
307,51.5,4.5,10
308,52.5,4.5,10
309,53.5,4.5,10
310,54.5,4.5,10
311,55.5,4.5,10
312,56.5,4.5,10
313,57.5,4.5,10
314,58.5,4.5,10
315,59.5,4.5,10
316,60.5,4.5,10
317,61.5,4.5,10
318,62.5,4.5,10
319,63.5,4.5,35
320,0.5,5.5,88
321,1.5,5.5,88
322,2.5,5.5,88
323,3.5,5.5,88
324,4.5,5.5,88
325,5.5,5.5,38
326,6.5,5.5,38
327,7.5,5.5,38
328,8.5,5.5,38
329,9.5,5.5,38
330,10.5,5.5,38
331,11.5,5.5,24
332,12.5,5.5,24
333,13.5,5.5,24
334,14.5,5.5,24
335,15.5,5.5,57
336,16.5,5.5,57
337,17.5,5.5,99
338,18.5,5.5,99
339,19.5,5.5,99
340,20.5,5.5,99
341,21.5,5.5,99
342,22.5,5.5,74
343,23.5,5.5,74
344,24.5,5.5,74
345,25.5,5.5,74
346,26.5,5.5,74
347,27.5,5.5,74
348,28.5,5.5,74
349,29.5,5.5,74
350,30.5,5.5,74
351,31.5,5.5,74
352,32.5,5.5,92
353,33.5,5.5,92
354,34.5,5.5,92
355,35.5,5.5,92
356,36.5,5.5,92
357,37.5,5.5,92
358,38.5,5.5,92
359,39.5,5.5,92
360,40.5,5.5,92
361,41.5,5.5,76
362,42.5,5.5,76
363,43.5,5.5,76
364,44.5,5.5,76
365,45.5,5.5,76
366,46.5,5.5,76
367,47.5,5.5,10
368,48.5,5.5,10
369,49.5,5.5,10
370,50.5,5.5,10
371,51.5,5.5,10
372,52.5,5.5,10
373,53.5,5.5,10
374,54.5,5.5,10
375,55.5,5.5,10
376,56.5,5.5,10
377,57.5,5.5,10
378,58.5,5.5,10
379,59.5,5.5,10
380,60.5,5.5,10
381,61.5,5.5,35
382,62.5,5.5,35
383,63.5,5.5,35
384,0.5,6.5,88
385,1.5,6.5,88
386,2.5,6.5,88
387,3.5,6.5,88
388,4.5,6.5,88
389,5.5,6.5,38
390,6.5,6.5,38
391,7.5,6.5,38
392,8.5,6.5,38
393,9.5,6.5,38
394,10.5,6.5,24
395,11.5,6.5,24
396,12.5,6.5,24
397,13.5,6.5,24
398,14.5,6.5,24
399,15.5,6.5,57
400,16.5,6.5,57
401,17.5,6.5,99
402,18.5,6.5,99
403,19.5,6.5,99
404,20.5,6.5,99
405,21.5,6.5,99
406,22.5,6.5,74
407,23.5,6.5,74
408,24.5,6.5,74
409,25.5,6.5,74
410,26.5,6.5,74
411,27.5,6.5,74
412,28.5,6.5,74
413,29.5,6.5,74
414,30.5,6.5,74
415,31.5,6.5,74
416,32.5,6.5,92
417,33.5,6.5,92
418,34.5,6.5,92
419,35.5,6.5,92
420,36.5,6.5,92
421,37.5,6.5,92
422,38.5,6.5,92
423,39.5,6.5,92
424,40.5,6.5,92
425,41.5,6.5,76
426,42.5,6.5,76
427,43.5,6.5,76
428,44.5,6.5,76
429,45.5,6.5,76
430,46.5,6.5,76
431,47.5,6.5,10
432,48.5,6.5,10
433,49.5,6.5,10
434,50.5,6.5,10
435,51.5,6.5,10
436,52.5,6.5,10
437,53.5,6.5,10
438,54.5,6.5,10
439,55.5,6.5,10
440,56.5,6.5,10
441,57.5,6.5,10
442,58.5,6.5,10
443,59.5,6.5,35
444,60.5,6.5,35
445,61.5,6.5,35
446,62.5,6.5,35
447,63.5,6.5,35
448,0.5,7.5,88
449,1.5,7.5,88
450,2.5,7.5,88
451,3.5,7.5,88
452,4.5,7.5,88
453,5.5,7.5,88
454,6.5,7.5,38
455,7.5,7.5,38
456,8.5,7.5,38
457,9.5,7.5,38
458,10.5,7.5,24
459,11.5,7.5,24
460,12.5,7.5,24
461,13.5,7.5,24
462,14.5,7.5,24
463,15.5,7.5,57
464,16.5,7.5,57
465,17.5,7.5,99
466,18.5,7.5,99
467,19.5,7.5,99
468,20.5,7.5,99
469,21.5,7.5,99
470,22.5,7.5,74
471,23.5,7.5,74
472,24.5,7.5,74
473,25.5,7.5,74
474,26.5,7.5,74
475,27.5,7.5,74
476,28.5,7.5,74
477,29.5,7.5,74
478,30.5,7.5,74
479,31.5,7.5,92
480,32.5,7.5,92
481,33.5,7.5,92
482,34.5,7.5,92
483,35.5,7.5,92
484,36.5,7.5,92
485,37.5,7.5,92
486,38.5,7.5,92
487,39.5,7.5,92
488,40.5,7.5,92
489,41.5,7.5,92
490,42.5,7.5,76
491,43.5,7.5,76
492,44.5,7.5,76
493,45.5,7.5,76
494,46.5,7.5,76
495,47.5,7.5,10
496,48.5,7.5,10
497,49.5,7.5,10
498,50.5,7.5,10
499,51.5,7.5,10
500,52.5,7.5,10
501,53.5,7.5,10
502,54.5,7.5,10
503,55.5,7.5,10
504,56.5,7.5,10
505,57.5,7.5,35
506,58.5,7.5,35
507,59.5,7.5,35
508,60.5,7.5,35
509,61.5,7.5,35
510,62.5,7.5,35
511,63.5,7.5,35
512,0.5,8.5,88
513,1.5,8.5,88
514,2.5,8.5,88
515,3.5,8.5,88
516,4.5,8.5,88
517,5.5,8.5,88
518,6.5,8.5,88
519,7.5,8.5,38
520,8.5,8.5,38
521,9.5,8.5,38
522,10.5,8.5,24
523,11.5,8.5,24
524,12.5,8.5,24
525,13.5,8.5,24
526,14.5,8.5,24
527,15.5,8.5,57
528,16.5,8.5,99
529,17.5,8.5,99
530,18.5,8.5,99
531,19.5,8.5,99
532,20.5,8.5,99
533,21.5,8.5,99
534,22.5,8.5,74
535,23.5,8.5,74
536,24.5,8.5,74
537,25.5,8.5,74
538,26.5,8.5,74
539,27.5,8.5,74
540,28.5,8.5,74
541,29.5,8.5,74
542,30.5,8.5,74
543,31.5,8.5,92
544,32.5,8.5,92
545,33.5,8.5,92
546,34.5,8.5,92
547,35.5,8.5,92
548,36.5,8.5,92
549,37.5,8.5,92
550,38.5,8.5,92
551,39.5,8.5,92
552,40.5,8.5,92
553,41.5,8.5,92
554,42.5,8.5,76
555,43.5,8.5,76
556,44.5,8.5,76
557,45.5,8.5,76
558,46.5,8.5,10
559,47.5,8.5,10
560,48.5,8.5,10
561,49.5,8.5,10
562,50.5,8.5,10
563,51.5,8.5,10
564,52.5,8.5,10
565,53.5,8.5,10
566,54.5,8.5,10
567,55.5,8.5,35
568,56.5,8.5,35
569,57.5,8.5,35
570,58.5,8.5,35
571,59.5,8.5,35
572,60.5,8.5,35
573,61.5,8.5,35
574,62.5,8.5,35
575,63.5,8.5,35
576,0.5,9.5,88
577,1.5,9.5,88
578,2.5,9.5,88
579,3.5,9.5,88
580,4.5,9.5,88
581,5.5,9.5,88
582,6.5,9.5,88
583,7.5,9.5,88
584,8.5,9.5,38
585,9.5,9.5,38
586,10.5,9.5,24
587,11.5,9.5,66
588,12.5,9.5,66
589,13.5,9.5,66
590,14.5,9.5,66
591,15.5,9.5,66
592,16.5,9.5,66
593,17.5,9.5,66
594,18.5,9.5,66
595,19.5,9.5,99
596,20.5,9.5,99
597,21.5,9.5,99
598,22.5,9.5,74
599,23.5,9.5,74
600,24.5,9.5,74
601,25.5,9.5,74
602,26.5,9.5,74
603,27.5,9.5,74
604,28.5,9.5,74
605,29.5,9.5,74
606,30.5,9.5,74
607,31.5,9.5,92
608,32.5,9.5,92
609,33.5,9.5,92
610,34.5,9.5,92
611,35.5,9.5,92
612,36.5,9.5,92
613,37.5,9.5,92
614,38.5,9.5,92
615,39.5,9.5,92
616,40.5,9.5,92
617,41.5,9.5,92
618,42.5,9.5,92
619,43.5,9.5,76
620,44.5,9.5,76
621,45.5,9.5,76
622,46.5,9.5,10
623,47.5,9.5,10
624,48.5,9.5,10
625,49.5,9.5,10
626,50.5,9.5,10
627,51.5,9.5,10
628,52.5,9.5,10
629,53.5,9.5,35
630,54.5,9.5,35
631,55.5,9.5,35
632,56.5,9.5,35
633,57.5,9.5,35
634,58.5,9.5,35
635,59.5,9.5,35
636,60.5,9.5,35
637,61.5,9.5,35
638,62.5,9.5,35
639,63.5,9.5,35
640,0.5,10.5,88
641,1.5,10.5,88
642,2.5,10.5,88
643,3.5,10.5,88
644,4.5,10.5,88
645,5.5,10.5,88
646,6.5,10.5,88
647,7.5,10.5,88
648,8.5,10.5,88
649,9.5,10.5,66
650,10.5,10.5,66
651,11.5,10.5,66
652,12.5,10.5,66
653,13.5,10.5,66
654,14.5,10.5,66
655,15.5,10.5,66
656,16.5,10.5,66
657,17.5,10.5,66
658,18.5,10.5,66
659,19.5,10.5,66
660,20.5,10.5,66
661,21.5,10.5,66
662,22.5,10.5,74
663,23.5,10.5,74
664,24.5,10.5,74
665,25.5,10.5,74
666,26.5,10.5,74
667,27.5,10.5,74
668,28.5,10.5,74
669,29.5,10.5,74
670,30.5,10.5,74
671,31.5,10.5,92
672,32.5,10.5,92
673,33.5,10.5,92
674,34.5,10.5,92
675,35.5,10.5,92
676,36.5,10.5,92
677,37.5,10.5,92
678,38.5,10.5,92
679,39.5,10.5,92
680,40.5,10.5,92
681,41.5,10.5,92
682,42.5,10.5,92
683,43.5,10.5,76
684,44.5,10.5,76
685,45.5,10.5,76
686,46.5,10.5,10
687,47.5,10.5,10
688,48.5,10.5,10
689,49.5,10.5,10
690,50.5,10.5,10
691,51.5,10.5,35
692,52.5,10.5,35
693,53.5,10.5,35
694,54.5,10.5,35
695,55.5,10.5,35
696,56.5,10.5,35
697,57.5,10.5,35
698,58.5,10.5,35
699,59.5,10.5,35
700,60.5,10.5,35
701,61.5,10.5,35
702,62.5,10.5,35
703,63.5,10.5,35
704,0.5,11.5,88
705,1.5,11.5,88
706,2.5,11.5,88
707,3.5,11.5,88
708,4.5,11.5,88
709,5.5,11.5,88
710,6.5,11.5,88
711,7.5,11.5,88
712,8.5,11.5,88
713,9.5,11.5,66
714,10.5,11.5,66
715,11.5,11.5,66
716,12.5,11.5,66
717,13.5,11.5,66
718,14.5,11.5,66
719,15.5,11.5,66
720,16.5,11.5,66
721,17.5,11.5,66
722,18.5,11.5,66
723,19.5,11.5,66
724,20.5,11.5,66
725,21.5,11.5,66
726,22.5,11.5,66
727,23.5,11.5,66
728,24.5,11.5,74
729,25.5,11.5,74
730,26.5,11.5,74
731,27.5,11.5,74
732,28.5,11.5,74
733,29.5,11.5,74
734,30.5,11.5,74
735,31.5,11.5,92
736,32.5,11.5,92
737,33.5,11.5,92
738,34.5,11.5,92
739,35.5,11.5,92
740,36.5,11.5,92
741,37.5,11.5,92
742,38.5,11.5,92
743,39.5,11.5,92
744,40.5,11.5,92
745,41.5,11.5,92
746,42.5,11.5,92
747,43.5,11.5,92
748,44.5,11.5,76
749,45.5,11.5,76
750,46.5,11.5,10
751,47.5,11.5,10
752,48.5,11.5,10
753,49.5,11.5,35
754,50.5,11.5,35
755,51.5,11.5,35
756,52.5,11.5,35
757,53.5,11.5,35
758,54.5,11.5,35
759,55.5,11.5,35
760,56.5,11.5,35
761,57.5,11.5,35
762,58.5,11.5,35
763,59.5,11.5,35
764,60.5,11.5,35
765,61.5,11.5,35
766,62.5,11.5,35
767,63.5,11.5,35
768,0.5,12.5,88
769,1.5,12.5,88
770,2.5,12.5,88
771,3.5,12.5,88
772,4.5,12.5,88
773,5.5,12.5,88
774,6.5,12.5,88
775,7.5,12.5,88
776,8.5,12.5,66
777,9.5,12.5,66
778,10.5,12.5,66
779,11.5,12.5,66
780,12.5,12.5,66
781,13.5,12.5,66
782,14.5,12.5,66
783,15.5,12.5,66
784,16.5,12.5,66
785,17.5,12.5,66
786,18.5,12.5,66
787,19.5,12.5,66
788,20.5,12.5,66
789,21.5,12.5,66
790,22.5,12.5,66
791,23.5,12.5,66
792,24.5,12.5,66
793,25.5,12.5,74
794,26.5,12.5,74
795,27.5,12.5,74
796,28.5,12.5,74
797,29.5,12.5,74
798,30.5,12.5,74
799,31.5,12.5,92
800,32.5,12.5,92
801,33.5,12.5,92
802,34.5,12.5,92
803,35.5,12.5,69
804,36.5,12.5,69
805,37.5,12.5,69
806,38.5,12.5,69
807,39.5,12.5,69
808,40.5,12.5,69
809,41.5,12.5,69
810,42.5,12.5,69
811,43.5,12.5,69
812,44.5,12.5,69
813,45.5,12.5,69
814,46.5,12.5,0
815,47.5,12.5,0
816,48.5,12.5,35
817,49.5,12.5,35
818,50.5,12.5,35
819,51.5,12.5,35
820,52.5,12.5,35
821,53.5,12.5,35
822,54.5,12.5,35
823,55.5,12.5,35
824,56.5,12.5,35
825,57.5,12.5,35
826,58.5,12.5,35
827,59.5,12.5,35
828,60.5,12.5,35
829,61.5,12.5,35
830,62.5,12.5,35
831,63.5,12.5,35
832,0.5,13.5,88
833,1.5,13.5,88
834,2.5,13.5,88
835,3.5,13.5,88
836,4.5,13.5,88
837,5.5,13.5,88
838,6.5,13.5,88
839,7.5,13.5,88
840,8.5,13.5,66
841,9.5,13.5,66
842,10.5,13.5,66
843,11.5,13.5,66
844,12.5,13.5,66
845,13.5,13.5,66
846,14.5,13.5,66
847,15.5,13.5,66
848,16.5,13.5,66
849,17.5,13.5,66
850,18.5,13.5,66
851,19.5,13.5,66
852,20.5,13.5,66
853,21.5,13.5,66
854,22.5,13.5,66
855,23.5,13.5,66
856,24.5,13.5,66
857,25.5,13.5,66
858,26.5,13.5,66
859,27.5,13.5,74
860,28.5,13.5,74
861,29.5,13.5,74
862,30.5,13.5,97
863,31.5,13.5,97
864,32.5,13.5,69
865,33.5,13.5,69
866,34.5,13.5,69
867,35.5,13.5,69
868,36.5,13.5,69
869,37.5,13.5,69
870,38.5,13.5,69
871,39.5,13.5,69
872,40.5,13.5,69
873,41.5,13.5,69
874,42.5,13.5,69
875,43.5,13.5,69
876,44.5,13.5,69
877,45.5,13.5,69
878,46.5,13.5,0
879,47.5,13.5,0
880,48.5,13.5,0
881,49.5,13.5,35
882,50.5,13.5,35
883,51.5,13.5,35
884,52.5,13.5,35
885,53.5,13.5,35
886,54.5,13.5,35
887,55.5,13.5,35
888,56.5,13.5,35
889,57.5,13.5,35
890,58.5,13.5,35
891,59.5,13.5,35
892,60.5,13.5,35
893,61.5,13.5,35
894,62.5,13.5,35
895,63.5,13.5,35
896,0.5,14.5,88
897,1.5,14.5,88
898,2.5,14.5,88
899,3.5,14.5,88
900,4.5,14.5,88
901,5.5,14.5,88
902,6.5,14.5,88
903,7.5,14.5,34
904,8.5,14.5,66
905,9.5,14.5,66
906,10.5,14.5,66
907,11.5,14.5,66
908,12.5,14.5,66
909,13.5,14.5,66
910,14.5,14.5,66
911,15.5,14.5,66
912,16.5,14.5,66
913,17.5,14.5,66
914,18.5,14.5,66
915,19.5,14.5,66
916,20.5,14.5,66
917,21.5,14.5,66
918,22.5,14.5,66
919,23.5,14.5,66
920,24.5,14.5,66
921,25.5,14.5,66
922,26.5,14.5,66
923,27.5,14.5,66
924,28.5,14.5,97
925,29.5,14.5,97
926,30.5,14.5,97
927,31.5,14.5,97
928,32.5,14.5,97
929,33.5,14.5,69
930,34.5,14.5,69
931,35.5,14.5,69
932,36.5,14.5,69
933,37.5,14.5,69
934,38.5,14.5,69
935,39.5,14.5,69
936,40.5,14.5,69
937,41.5,14.5,69
938,42.5,14.5,69
939,43.5,14.5,69
940,44.5,14.5,69
941,45.5,14.5,95
942,46.5,14.5,0
943,47.5,14.5,0
944,48.5,14.5,0
945,49.5,14.5,0
946,50.5,14.5,0
947,51.5,14.5,35
948,52.5,14.5,35
949,53.5,14.5,35
950,54.5,14.5,35
951,55.5,14.5,35
952,56.5,14.5,35
953,57.5,14.5,35
954,58.5,14.5,35
955,59.5,14.5,35
956,60.5,14.5,35
957,61.5,14.5,35
958,62.5,14.5,35
959,63.5,14.5,35
960,0.5,15.5,88
961,1.5,15.5,88
962,2.5,15.5,88
963,3.5,15.5,88
964,4.5,15.5,34
965,5.5,15.5,34
966,6.5,15.5,34
967,7.5,15.5,34
968,8.5,15.5,66
969,9.5,15.5,66
970,10.5,15.5,66
971,11.5,15.5,66
972,12.5,15.5,66
973,13.5,15.5,66
974,14.5,15.5,66
975,15.5,15.5,66
976,16.5,15.5,66
977,17.5,15.5,66
978,18.5,15.5,66
979,19.5,15.5,66
980,20.5,15.5,66
981,21.5,15.5,66
982,22.5,15.5,66
983,23.5,15.5,66
984,24.5,15.5,66
985,25.5,15.5,66
986,26.5,15.5,66
987,27.5,15.5,66
988,28.5,15.5,97
989,29.5,15.5,97
990,30.5,15.5,97
991,31.5,15.5,97
992,32.5,15.5,97
993,33.5,15.5,97
994,34.5,15.5,69
995,35.5,15.5,69
996,36.5,15.5,69
997,37.5,15.5,69
998,38.5,15.5,69
999,39.5,15.5,69
1000,40.5,15.5,69
1001,41.5,15.5,69
1002,42.5,15.5,69
1003,43.5,15.5,69
1004,44.5,15.5,69
1005,45.5,15.5,95
1006,46.5,15.5,0
1007,47.5,15.5,0
1008,48.5,15.5,0
1009,49.5,15.5,0
1010,50.5,15.5,0
1011,51.5,15.5,0
1012,52.5,15.5,35
1013,53.5,15.5,35
1014,54.5,15.5,35
1015,55.5,15.5,35
1016,56.5,15.5,35
1017,57.5,15.5,35
1018,58.5,15.5,35
1019,59.5,15.5,35
1020,60.5,15.5,35
1021,61.5,15.5,35
1022,62.5,15.5,35
1023,63.5,15.5,35
1024,0.5,16.5,88
1025,1.5,16.5,34
1026,2.5,16.5,34
1027,3.5,16.5,34
1028,4.5,16.5,34
1029,5.5,16.5,34
1030,6.5,16.5,34
1031,7.5,16.5,34
1032,8.5,16.5,34
1033,9.5,16.5,66
1034,10.5,16.5,66
1035,11.5,16.5,66
1036,12.5,16.5,66
1037,13.5,16.5,66
1038,14.5,16.5,66
1039,15.5,16.5,66
1040,16.5,16.5,66
1041,17.5,16.5,90
1042,18.5,16.5,90
1043,19.5,16.5,90
1044,20.5,16.5,90
1045,21.5,16.5,90
1046,22.5,16.5,90
1047,23.5,16.5,90
1048,24.5,16.5,90
1049,25.5,16.5,90
1050,26.5,16.5,90
1051,27.5,16.5,50
1052,28.5,16.5,97
1053,29.5,16.5,97
1054,30.5,16.5,97
1055,31.5,16.5,97
1056,32.5,16.5,97
1057,33.5,16.5,97
1058,34.5,16.5,97
1059,35.5,16.5,69
1060,36.5,16.5,69
1061,37.5,16.5,69
1062,38.5,16.5,69
1063,39.5,16.5,69
1064,40.5,16.5,69
1065,41.5,16.5,69
1066,42.5,16.5,69
1067,43.5,16.5,69
1068,44.5,16.5,95
1069,45.5,16.5,95
1070,46.5,16.5,95
1071,47.5,16.5,0
1072,48.5,16.5,0
1073,49.5,16.5,0
1074,50.5,16.5,0
1075,51.5,16.5,0
1076,52.5,16.5,0
1077,53.5,16.5,0
1078,54.5,16.5,35
1079,55.5,16.5,35
1080,56.5,16.5,35
1081,57.5,16.5,35
1082,58.5,16.5,35
1083,59.5,16.5,35
1084,60.5,16.5,35
1085,61.5,16.5,35
1086,62.5,16.5,35
1087,63.5,16.5,35
1088,0.5,17.5,34
1089,1.5,17.5,34
1090,2.5,17.5,34
1091,3.5,17.5,34
1092,4.5,17.5,34
1093,5.5,17.5,34
1094,6.5,17.5,34
1095,7.5,17.5,34
1096,8.5,17.5,34
1097,9.5,17.5,34
1098,10.5,17.5,90
1099,11.5,17.5,90
1100,12.5,17.5,90
1101,13.5,17.5,90
1102,14.5,17.5,90
1103,15.5,17.5,90
1104,16.5,17.5,90
1105,17.5,17.5,90
1106,18.5,17.5,90
1107,19.5,17.5,90
1108,20.5,17.5,90
1109,21.5,17.5,90
1110,22.5,17.5,90
1111,23.5,17.5,90
1112,24.5,17.5,90
1113,25.5,17.5,90
1114,26.5,17.5,90
1115,27.5,17.5,50
1116,28.5,17.5,97
1117,29.5,17.5,97
1118,30.5,17.5,97
1119,31.5,17.5,97
1120,32.5,17.5,97
1121,33.5,17.5,97
1122,34.5,17.5,97
1123,35.5,17.5,97
1124,36.5,17.5,69
1125,37.5,17.5,69
1126,38.5,17.5,69
1127,39.5,17.5,69
1128,40.5,17.5,69
1129,41.5,17.5,69
1130,42.5,17.5,69
1131,43.5,17.5,69
1132,44.5,17.5,95
1133,45.5,17.5,95
1134,46.5,17.5,95
1135,47.5,17.5,0
1136,48.5,17.5,0
1137,49.5,17.5,0
1138,50.5,17.5,0
1139,51.5,17.5,0
1140,52.5,17.5,0
1141,53.5,17.5,0
1142,54.5,17.5,0
1143,55.5,17.5,35
1144,56.5,17.5,35
1145,57.5,17.5,35
1146,58.5,17.5,35
1147,59.5,17.5,35
1148,60.5,17.5,35
1149,61.5,17.5,35
1150,62.5,17.5,35
1151,63.5,17.5,35
1152,0.5,18.5,34
1153,1.5,18.5,34
1154,2.5,18.5,34
1155,3.5,18.5,34
1156,4.5,18.5,34
1157,5.5,18.5,34
1158,6.5,18.5,34
1159,7.5,18.5,34
1160,8.5,18.5,34
1161,9.5,18.5,34
1162,10.5,18.5,90
1163,11.5,18.5,90
1164,12.5,18.5,90
1165,13.5,18.5,90
1166,14.5,18.5,90
1167,15.5,18.5,90
1168,16.5,18.5,90
1169,17.5,18.5,90
1170,18.5,18.5,90
1171,19.5,18.5,90
1172,20.5,18.5,90
1173,21.5,18.5,90
1174,22.5,18.5,90
1175,23.5,18.5,90
1176,24.5,18.5,90
1177,25.5,18.5,90
1178,26.5,18.5,50
1179,27.5,18.5,50
1180,28.5,18.5,50
1181,29.5,18.5,97
1182,30.5,18.5,97
1183,31.5,18.5,97
1184,32.5,18.5,97
1185,33.5,18.5,97
1186,34.5,18.5,97
1187,35.5,18.5,97
1188,36.5,18.5,69
1189,37.5,18.5,69
1190,38.5,18.5,69
1191,39.5,18.5,69
1192,40.5,18.5,69
1193,41.5,18.5,69
1194,42.5,18.5,69
1195,43.5,18.5,95
1196,44.5,18.5,95
1197,45.5,18.5,95
1198,46.5,18.5,95
1199,47.5,18.5,0
1200,48.5,18.5,0
1201,49.5,18.5,0
1202,50.5,18.5,0
1203,51.5,18.5,0
1204,52.5,18.5,0
1205,53.5,18.5,59
1206,54.5,18.5,59
1207,55.5,18.5,59
1208,56.5,18.5,59
1209,57.5,18.5,59
1210,58.5,18.5,35
1211,59.5,18.5,35
1212,60.5,18.5,35
1213,61.5,18.5,35
1214,62.5,18.5,35
1215,63.5,18.5,35
1216,0.5,19.5,34
1217,1.5,19.5,34
1218,2.5,19.5,34
1219,3.5,19.5,34
1220,4.5,19.5,34
1221,5.5,19.5,34
1222,6.5,19.5,34
1223,7.5,19.5,34
1224,8.5,19.5,34
1225,9.5,19.5,34
1226,10.5,19.5,90
1227,11.5,19.5,90
1228,12.5,19.5,90
1229,13.5,19.5,90
1230,14.5,19.5,90
1231,15.5,19.5,90
1232,16.5,19.5,90
1233,17.5,19.5,90
1234,18.5,19.5,90
1235,19.5,19.5,90
1236,20.5,19.5,90
1237,21.5,19.5,90
1238,22.5,19.5,90
1239,23.5,19.5,90
1240,24.5,19.5,90
1241,25.5,19.5,50
1242,26.5,19.5,50
1243,27.5,19.5,50
1244,28.5,19.5,50
1245,29.5,19.5,50
1246,30.5,19.5,97
1247,31.5,19.5,97
1248,32.5,19.5,97
1249,33.5,19.5,97
1250,34.5,19.5,97
1251,35.5,19.5,97
1252,36.5,19.5,97
1253,37.5,19.5,69
1254,38.5,19.5,69
1255,39.5,19.5,69
1256,40.5,19.5,69
1257,41.5,19.5,69
1258,42.5,19.5,69
1259,43.5,19.5,95
1260,44.5,19.5,95
1261,45.5,19.5,95
1262,46.5,19.5,95
1263,47.5,19.5,95
1264,48.5,19.5,0
1265,49.5,19.5,0
1266,50.5,19.5,0
1267,51.5,19.5,59
1268,52.5,19.5,59
1269,53.5,19.5,59
1270,54.5,19.5,59
1271,55.5,19.5,59
1272,56.5,19.5,59
1273,57.5,19.5,59
1274,58.5,19.5,59
1275,59.5,19.5,59
1276,60.5,19.5,35
1277,61.5,19.5,35
1278,62.5,19.5,35
1279,63.5,19.5,35
1280,0.5,20.5,34
1281,1.5,20.5,34
1282,2.5,20.5,34
1283,3.5,20.5,34
1284,4.5,20.5,34
1285,5.5,20.5,34
1286,6.5,20.5,34
1287,7.5,20.5,34
1288,8.5,20.5,34
1289,9.5,20.5,34
1290,10.5,20.5,34
1291,11.5,20.5,90
1292,12.5,20.5,90
1293,13.5,20.5,90
1294,14.5,20.5,90
1295,15.5,20.5,90
1296,16.5,20.5,90
1297,17.5,20.5,90
1298,18.5,20.5,90
1299,19.5,20.5,90
1300,20.5,20.5,90
1301,21.5,20.5,90
1302,22.5,20.5,90
1303,23.5,20.5,90
1304,24.5,20.5,90
1305,25.5,20.5,50
1306,26.5,20.5,50
1307,27.5,20.5,50
1308,28.5,20.5,50
1309,29.5,20.5,50
1310,30.5,20.5,97
1311,31.5,20.5,97
1312,32.5,20.5,97
1313,33.5,20.5,97
1314,34.5,20.5,97
1315,35.5,20.5,97
1316,36.5,20.5,97
1317,37.5,20.5,97
1318,38.5,20.5,30
1319,39.5,20.5,30
1320,40.5,20.5,30
1321,41.5,20.5,30
1322,42.5,20.5,30
1323,43.5,20.5,95
1324,44.5,20.5,95
1325,45.5,20.5,95
1326,46.5,20.5,95
1327,47.5,20.5,95
1328,48.5,20.5,0
1329,49.5,20.5,0
1330,50.5,20.5,59
1331,51.5,20.5,59
1332,52.5,20.5,59
1333,53.5,20.5,59
1334,54.5,20.5,59
1335,55.5,20.5,59
1336,56.5,20.5,59
1337,57.5,20.5,59
1338,58.5,20.5,59
1339,59.5,20.5,59
1340,60.5,20.5,59
1341,61.5,20.5,59
1342,62.5,20.5,35
1343,63.5,20.5,35
1344,0.5,21.5,34
1345,1.5,21.5,34
1346,2.5,21.5,34
1347,3.5,21.5,34
1348,4.5,21.5,34
1349,5.5,21.5,34
1350,6.5,21.5,34
1351,7.5,21.5,34
1352,8.5,21.5,34
1353,9.5,21.5,34
1354,10.5,21.5,34
1355,11.5,21.5,90
1356,12.5,21.5,90
1357,13.5,21.5,90
1358,14.5,21.5,90
1359,15.5,21.5,90
1360,16.5,21.5,90
1361,17.5,21.5,90
1362,18.5,21.5,90
1363,19.5,21.5,90
1364,20.5,21.5,90
1365,21.5,21.5,90
1366,22.5,21.5,90
1367,23.5,21.5,37
1368,24.5,21.5,50
1369,25.5,21.5,50
1370,26.5,21.5,50
1371,27.5,21.5,50
1372,28.5,21.5,50
1373,29.5,21.5,50
1374,30.5,21.5,50
1375,31.5,21.5,97
1376,32.5,21.5,97
1377,33.5,21.5,97
1378,34.5,21.5,97
1379,35.5,21.5,97
1380,36.5,21.5,97
1381,37.5,21.5,97
1382,38.5,21.5,30
1383,39.5,21.5,30
1384,40.5,21.5,30
1385,41.5,21.5,30
1386,42.5,21.5,30
1387,43.5,21.5,95
1388,44.5,21.5,95
1389,45.5,21.5,95
1390,46.5,21.5,95
1391,47.5,21.5,95
1392,48.5,21.5,59
1393,49.5,21.5,59
1394,50.5,21.5,59
1395,51.5,21.5,59
1396,52.5,21.5,59
1397,53.5,21.5,59
1398,54.5,21.5,59
1399,55.5,21.5,59
1400,56.5,21.5,59
1401,57.5,21.5,59
1402,58.5,21.5,59
1403,59.5,21.5,59
1404,60.5,21.5,59
1405,61.5,21.5,59
1406,62.5,21.5,59
1407,63.5,21.5,15
1408,0.5,22.5,34
1409,1.5,22.5,34
1410,2.5,22.5,34
1411,3.5,22.5,34
1412,4.5,22.5,34
1413,5.5,22.5,34
1414,6.5,22.5,34
1415,7.5,22.5,34
1416,8.5,22.5,34
1417,9.5,22.5,34
1418,10.5,22.5,34
1419,11.5,22.5,90
1420,12.5,22.5,90
1421,13.5,22.5,90
1422,14.5,22.5,90
1423,15.5,22.5,90
1424,16.5,22.5,90
1425,17.5,22.5,90
1426,18.5,22.5,37
1427,19.5,22.5,37
1428,20.5,22.5,37
1429,21.5,22.5,37
1430,22.5,22.5,37
1431,23.5,22.5,37
1432,24.5,22.5,50
1433,25.5,22.5,50
1434,26.5,22.5,50
1435,27.5,22.5,50
1436,28.5,22.5,50
1437,29.5,22.5,50
1438,30.5,22.5,50
1439,31.5,22.5,50
1440,32.5,22.5,97
1441,33.5,22.5,97
1442,34.5,22.5,97
1443,35.5,22.5,97
1444,36.5,22.5,97
1445,37.5,22.5,97
1446,38.5,22.5,30
1447,39.5,22.5,30
1448,40.5,22.5,30
1449,41.5,22.5,30
1450,42.5,22.5,30
1451,43.5,22.5,95
1452,44.5,22.5,95
1453,45.5,22.5,95
1454,46.5,22.5,95
1455,47.5,22.5,77
1456,48.5,22.5,77
1457,49.5,22.5,59
1458,50.5,22.5,59
1459,51.5,22.5,59
1460,52.5,22.5,59
1461,53.5,22.5,59
1462,54.5,22.5,59
1463,55.5,22.5,59
1464,56.5,22.5,59
1465,57.5,22.5,59
1466,58.5,22.5,59
1467,59.5,22.5,59
1468,60.5,22.5,59
1469,61.5,22.5,15
1470,62.5,22.5,15
1471,63.5,22.5,15
1472,0.5,23.5,34
1473,1.5,23.5,34
1474,2.5,23.5,34
1475,3.5,23.5,34
1476,4.5,23.5,34
1477,5.5,23.5,34
1478,6.5,23.5,34
1479,7.5,23.5,34
1480,8.5,23.5,34
1481,9.5,23.5,34
1482,10.5,23.5,34
1483,11.5,23.5,34
1484,12.5,23.5,90
1485,13.5,23.5,37
1486,14.5,23.5,37
1487,15.5,23.5,37
1488,16.5,23.5,37
1489,17.5,23.5,37
1490,18.5,23.5,37
1491,19.5,23.5,37
1492,20.5,23.5,37
1493,21.5,23.5,37
1494,22.5,23.5,37
1495,23.5,23.5,37
1496,24.5,23.5,50
1497,25.5,23.5,50
1498,26.5,23.5,50
1499,27.5,23.5,50
1500,28.5,23.5,50
1501,29.5,23.5,50
1502,30.5,23.5,50
1503,31.5,23.5,50
1504,32.5,23.5,50
1505,33.5,23.5,97
1506,34.5,23.5,97
1507,35.5,23.5,97
1508,36.5,23.5,97
1509,37.5,23.5,7
1510,38.5,23.5,7
1511,39.5,23.5,7
1512,40.5,23.5,30
1513,41.5,23.5,30
1514,42.5,23.5,30
1515,43.5,23.5,95
1516,44.5,23.5,95
1517,45.5,23.5,83
1518,46.5,23.5,77
1519,47.5,23.5,77
1520,48.5,23.5,77
1521,49.5,23.5,27
1522,50.5,23.5,27
1523,51.5,23.5,27
1524,52.5,23.5,27
1525,53.5,23.5,27
1526,54.5,23.5,27
1527,55.5,23.5,27
1528,56.5,23.5,27
1529,57.5,23.5,27
1530,58.5,23.5,27
1531,59.5,23.5,15
1532,60.5,23.5,15
1533,61.5,23.5,15
1534,62.5,23.5,15
1535,63.5,23.5,15
1536,0.5,24.5,34
1537,1.5,24.5,34
1538,2.5,24.5,34
1539,3.5,24.5,34
1540,4.5,24.5,34
1541,5.5,24.5,34
1542,6.5,24.5,34
1543,7.5,24.5,34
1544,8.5,24.5,34
1545,9.5,24.5,34
1546,10.5,24.5,34
1547,11.5,24.5,64
1548,12.5,24.5,37
1549,13.5,24.5,37
1550,14.5,24.5,37
1551,15.5,24.5,37
1552,16.5,24.5,37
1553,17.5,24.5,37
1554,18.5,24.5,37
1555,19.5,24.5,37
1556,20.5,24.5,37
1557,21.5,24.5,37
1558,22.5,24.5,37
1559,23.5,24.5,37
1560,24.5,24.5,50
1561,25.5,24.5,50
1562,26.5,24.5,50
1563,27.5,24.5,50
1564,28.5,24.5,50
1565,29.5,24.5,50
1566,30.5,24.5,50
1567,31.5,24.5,50
1568,32.5,24.5,50
1569,33.5,24.5,11
1570,34.5,24.5,11
1571,35.5,24.5,11
1572,36.5,24.5,11
1573,37.5,24.5,7
1574,38.5,24.5,7
1575,39.5,24.5,7
1576,40.5,24.5,7
1577,41.5,24.5,30
1578,42.5,24.5,30
1579,43.5,24.5,83
1580,44.5,24.5,83
1581,45.5,24.5,83
1582,46.5,24.5,77
1583,47.5,24.5,77
1584,48.5,24.5,77
1585,49.5,24.5,27
1586,50.5,24.5,27
1587,51.5,24.5,27
1588,52.5,24.5,27
1589,53.5,24.5,27
1590,54.5,24.5,27
1591,55.5,24.5,27
1592,56.5,24.5,27
1593,57.5,24.5,27
1594,58.5,24.5,15
1595,59.5,24.5,15
1596,60.5,24.5,15
1597,61.5,24.5,15
1598,62.5,24.5,15
1599,63.5,24.5,15
1600,0.5,25.5,34
1601,1.5,25.5,34
1602,2.5,25.5,34
1603,3.5,25.5,34
1604,4.5,25.5,34
1605,5.5,25.5,34
1606,6.5,25.5,34
1607,7.5,25.5,34
1608,8.5,25.5,34
1609,9.5,25.5,34
1610,10.5,25.5,64
1611,11.5,25.5,64
1612,12.5,25.5,64
1613,13.5,25.5,37
1614,14.5,25.5,37
1615,15.5,25.5,37
1616,16.5,25.5,37
1617,17.5,25.5,37
1618,18.5,25.5,37
1619,19.5,25.5,37
1620,20.5,25.5,37
1621,21.5,25.5,37
1622,22.5,25.5,37
1623,23.5,25.5,37
1624,24.5,25.5,50
1625,25.5,25.5,50
1626,26.5,25.5,50
1627,27.5,25.5,50
1628,28.5,25.5,50
1629,29.5,25.5,50
1630,30.5,25.5,50
1631,31.5,25.5,50
1632,32.5,25.5,50
1633,33.5,25.5,18
1634,34.5,25.5,11
1635,35.5,25.5,11
1636,36.5,25.5,11
1637,37.5,25.5,11
1638,38.5,25.5,7
1639,39.5,25.5,7
1640,40.5,25.5,7
1641,41.5,25.5,7
1642,42.5,25.5,83
1643,43.5,25.5,83
1644,44.5,25.5,83
1645,45.5,25.5,83
1646,46.5,25.5,83
1647,47.5,25.5,77
1648,48.5,25.5,77
1649,49.5,25.5,27
1650,50.5,25.5,27
1651,51.5,25.5,27
1652,52.5,25.5,27
1653,53.5,25.5,27
1654,54.5,25.5,27
1655,55.5,25.5,27
1656,56.5,25.5,27
1657,57.5,25.5,15
1658,58.5,25.5,15
1659,59.5,25.5,15
1660,60.5,25.5,15
1661,61.5,25.5,15
1662,62.5,25.5,15
1663,63.5,25.5,15
1664,0.5,26.5,34
1665,1.5,26.5,34
1666,2.5,26.5,34
1667,3.5,26.5,34
1668,4.5,26.5,34
1669,5.5,26.5,34
1670,6.5,26.5,34
1671,7.5,26.5,34
1672,8.5,26.5,34
1673,9.5,26.5,64
1674,10.5,26.5,64
1675,11.5,26.5,64
1676,12.5,26.5,64
1677,13.5,26.5,37
1678,14.5,26.5,37
1679,15.5,26.5,37
1680,16.5,26.5,37
1681,17.5,26.5,37
1682,18.5,26.5,37
1683,19.5,26.5,37
1684,20.5,26.5,37
1685,21.5,26.5,37
1686,22.5,26.5,37
1687,23.5,26.5,37
1688,24.5,26.5,50
1689,25.5,26.5,50
1690,26.5,26.5,50
1691,27.5,26.5,50
1692,28.5,26.5,50
1693,29.5,26.5,50
1694,30.5,26.5,50
1695,31.5,26.5,50
1696,32.5,26.5,50
1697,33.5,26.5,18
1698,34.5,26.5,18
1699,35.5,26.5,11
1700,36.5,26.5,11
1701,37.5,26.5,11
1702,38.5,26.5,7
1703,39.5,26.5,7
1704,40.5,26.5,7
1705,41.5,26.5,7
1706,42.5,26.5,78
1707,43.5,26.5,83
1708,44.5,26.5,83
1709,45.5,26.5,83
1710,46.5,26.5,83
1711,47.5,26.5,83
1712,48.5,26.5,40
1713,49.5,26.5,19
1714,50.5,26.5,19
1715,51.5,26.5,27
1716,52.5,26.5,27
1717,53.5,26.5,39
1718,54.5,26.5,39
1719,55.5,26.5,39
1720,56.5,26.5,15
1721,57.5,26.5,15
1722,58.5,26.5,15
1723,59.5,26.5,15
1724,60.5,26.5,15
1725,61.5,26.5,15
1726,62.5,26.5,15
1727,63.5,26.5,15
1728,0.5,27.5,34
1729,1.5,27.5,34
1730,2.5,27.5,34
1731,3.5,27.5,34
1732,4.5,27.5,34
1733,5.5,27.5,34
1734,6.5,27.5,34
1735,7.5,27.5,34
1736,8.5,27.5,64
1737,9.5,27.5,64
1738,10.5,27.5,64
1739,11.5,27.5,64
1740,12.5,27.5,64
1741,13.5,27.5,64
1742,14.5,27.5,37
1743,15.5,27.5,37
1744,16.5,27.5,37
1745,17.5,27.5,37
1746,18.5,27.5,37
1747,19.5,27.5,37
1748,20.5,27.5,37
1749,21.5,27.5,37
1750,22.5,27.5,37
1751,23.5,27.5,37
1752,24.5,27.5,50
1753,25.5,27.5,50
1754,26.5,27.5,50
1755,27.5,27.5,50
1756,28.5,27.5,50
1757,29.5,27.5,50
1758,30.5,27.5,50
1759,31.5,27.5,50
1760,32.5,27.5,18
1761,33.5,27.5,18
1762,34.5,27.5,18
1763,35.5,27.5,18
1764,36.5,27.5,11
1765,37.5,27.5,11
1766,38.5,27.5,7
1767,39.5,27.5,7
1768,40.5,27.5,7
1769,41.5,27.5,78
1770,42.5,27.5,78
1771,43.5,27.5,78
1772,44.5,27.5,78
1773,45.5,27.5,83
1774,46.5,27.5,83
1775,47.5,27.5,40
1776,48.5,27.5,40
1777,49.5,27.5,19
1778,50.5,27.5,19
1779,51.5,27.5,39
1780,52.5,27.5,39
1781,53.5,27.5,39
1782,54.5,27.5,39
1783,55.5,27.5,15
1784,56.5,27.5,15
1785,57.5,27.5,15
1786,58.5,27.5,15
1787,59.5,27.5,15
1788,60.5,27.5,15
1789,61.5,27.5,15
1790,62.5,27.5,15
1791,63.5,27.5,15
1792,0.5,28.5,34
1793,1.5,28.5,34
1794,2.5,28.5,34
1795,3.5,28.5,34
1796,4.5,28.5,34
1797,5.5,28.5,34
1798,6.5,28.5,64
1799,7.5,28.5,64
1800,8.5,28.5,64
1801,9.5,28.5,64
1802,10.5,28.5,64
1803,11.5,28.5,64
1804,12.5,28.5,64
1805,13.5,28.5,64
1806,14.5,28.5,64
1807,15.5,28.5,37
1808,16.5,28.5,37
1809,17.5,28.5,37
1810,18.5,28.5,37
1811,19.5,28.5,37
1812,20.5,28.5,37
1813,21.5,28.5,37
1814,22.5,28.5,37
1815,23.5,28.5,37
1816,24.5,28.5,50
1817,25.5,28.5,50
1818,26.5,28.5,50
1819,27.5,28.5,50
1820,28.5,28.5,50
1821,29.5,28.5,50
1822,30.5,28.5,50
1823,31.5,28.5,18
1824,32.5,28.5,18
1825,33.5,28.5,18
1826,34.5,28.5,18
1827,35.5,28.5,18
1828,36.5,28.5,18
1829,37.5,28.5,11
1830,38.5,28.5,11
1831,39.5,28.5,7
1832,40.5,28.5,78
1833,41.5,28.5,78
1834,42.5,28.5,78
1835,43.5,28.5,78
1836,44.5,28.5,78
1837,45.5,28.5,78
1838,46.5,28.5,83
1839,47.5,28.5,40
1840,48.5,28.5,40
1841,49.5,28.5,19
1842,50.5,28.5,39
1843,51.5,28.5,39
1844,52.5,28.5,39
1845,53.5,28.5,39
1846,54.5,28.5,39
1847,55.5,28.5,15
1848,56.5,28.5,15
1849,57.5,28.5,15
1850,58.5,28.5,15
1851,59.5,28.5,15
1852,60.5,28.5,15
1853,61.5,28.5,15
1854,62.5,28.5,15
1855,63.5,28.5,15
1856,0.5,29.5,34
1857,1.5,29.5,34
1858,2.5,29.5,34
1859,3.5,29.5,34
1860,4.5,29.5,34
1861,5.5,29.5,64
1862,6.5,29.5,64
1863,7.5,29.5,64
1864,8.5,29.5,64
1865,9.5,29.5,64
1866,10.5,29.5,64
1867,11.5,29.5,64
1868,12.5,29.5,64
1869,13.5,29.5,64
1870,14.5,29.5,64
1871,15.5,29.5,37
1872,16.5,29.5,37
1873,17.5,29.5,37
1874,18.5,29.5,37
1875,19.5,29.5,37
1876,20.5,29.5,37
1877,21.5,29.5,37
1878,22.5,29.5,37
1879,23.5,29.5,37
1880,24.5,29.5,37
1881,25.5,29.5,50
1882,26.5,29.5,50
1883,27.5,29.5,50
1884,28.5,29.5,50
1885,29.5,29.5,50
1886,30.5,29.5,18
1887,31.5,29.5,18
1888,32.5,29.5,18
1889,33.5,29.5,18
1890,34.5,29.5,18
1891,35.5,29.5,18
1892,36.5,29.5,13
1893,37.5,29.5,13
1894,38.5,29.5,13
1895,39.5,29.5,13
1896,40.5,29.5,78
1897,41.5,29.5,78
1898,42.5,29.5,78
1899,43.5,29.5,78
1900,44.5,29.5,78
1901,45.5,29.5,78
1902,46.5,29.5,78
1903,47.5,29.5,40
1904,48.5,29.5,40
1905,49.5,29.5,39
1906,50.5,29.5,39
1907,51.5,29.5,39
1908,52.5,29.5,39
1909,53.5,29.5,39
1910,54.5,29.5,15
1911,55.5,29.5,15
1912,56.5,29.5,15
1913,57.5,29.5,15
1914,58.5,29.5,15
1915,59.5,29.5,15
1916,60.5,29.5,15
1917,61.5,29.5,15
1918,62.5,29.5,15
1919,63.5,29.5,15
1920,0.5,30.5,34
1921,1.5,30.5,34
1922,2.5,30.5,34
1923,3.5,30.5,36
1924,4.5,30.5,36
1925,5.5,30.5,64
1926,6.5,30.5,64
1927,7.5,30.5,64
1928,8.5,30.5,64
1929,9.5,30.5,64
1930,10.5,30.5,64
1931,11.5,30.5,64
1932,12.5,30.5,64
1933,13.5,30.5,64
1934,14.5,30.5,64
1935,15.5,30.5,64
1936,16.5,30.5,37
1937,17.5,30.5,37
1938,18.5,30.5,37
1939,19.5,30.5,37
1940,20.5,30.5,37
1941,21.5,30.5,37
1942,22.5,30.5,37
1943,23.5,30.5,37
1944,24.5,30.5,65
1945,25.5,30.5,96
1946,26.5,30.5,96
1947,27.5,30.5,96
1948,28.5,30.5,96
1949,29.5,30.5,96
1950,30.5,30.5,96
1951,31.5,30.5,18
1952,32.5,30.5,18
1953,33.5,30.5,18
1954,34.5,30.5,18
1955,35.5,30.5,13
1956,36.5,30.5,13
1957,37.5,30.5,13
1958,38.5,30.5,13
1959,39.5,30.5,13
1960,40.5,30.5,78
1961,41.5,30.5,78
1962,42.5,30.5,78
1963,43.5,30.5,78
1964,44.5,30.5,78
1965,45.5,30.5,78
1966,46.5,30.5,78
1967,47.5,30.5,40
1968,48.5,30.5,40
1969,49.5,30.5,39
1970,50.5,30.5,39
1971,51.5,30.5,39
1972,52.5,30.5,39
1973,53.5,30.5,31
1974,54.5,30.5,15
1975,55.5,30.5,15
1976,56.5,30.5,15
1977,57.5,30.5,15
1978,58.5,30.5,15
1979,59.5,30.5,15
1980,60.5,30.5,15
1981,61.5,30.5,15
1982,62.5,30.5,15
1983,63.5,30.5,15
1984,0.5,31.5,36
1985,1.5,31.5,36
1986,2.5,31.5,36
1987,3.5,31.5,36
1988,4.5,31.5,36
1989,5.5,31.5,36
1990,6.5,31.5,64
1991,7.5,31.5,64
1992,8.5,31.5,64
1993,9.5,31.5,64
1994,10.5,31.5,64
1995,11.5,31.5,64
1996,12.5,31.5,64
1997,13.5,31.5,64
1998,14.5,31.5,64
1999,15.5,31.5,64
2000,16.5,31.5,64
2001,17.5,31.5,37
2002,18.5,31.5,37
2003,19.5,31.5,37
2004,20.5,31.5,37
2005,21.5,31.5,37
2006,22.5,31.5,37
2007,23.5,31.5,65
2008,24.5,31.5,65
2009,25.5,31.5,65
2010,26.5,31.5,96
2011,27.5,31.5,96
2012,28.5,31.5,96
2013,29.5,31.5,96
2014,30.5,31.5,96
2015,31.5,31.5,96
2016,32.5,31.5,18
2017,33.5,31.5,18
2018,34.5,31.5,13
2019,35.5,31.5,13
2020,36.5,31.5,13
2021,37.5,31.5,13
2022,38.5,31.5,13
2023,39.5,31.5,13
2024,40.5,31.5,78
2025,41.5,31.5,78
2026,42.5,31.5,78
2027,43.5,31.5,78
2028,44.5,31.5,78
2029,45.5,31.5,54
2030,46.5,31.5,54
2031,47.5,31.5,54
2032,48.5,31.5,54
2033,49.5,31.5,31
2034,50.5,31.5,31
2035,51.5,31.5,31
2036,52.5,31.5,31
2037,53.5,31.5,73
2038,54.5,31.5,15
2039,55.5,31.5,15
2040,56.5,31.5,15
2041,57.5,31.5,15
2042,58.5,31.5,15
2043,59.5,31.5,15
2044,60.5,31.5,15
2045,61.5,31.5,15
2046,62.5,31.5,15
2047,63.5,31.5,15
2048,0.5,32.5,36
2049,1.5,32.5,36
2050,2.5,32.5,36
2051,3.5,32.5,36
2052,4.5,32.5,36
2053,5.5,32.5,36
2054,6.5,32.5,36
2055,7.5,32.5,64
2056,8.5,32.5,64
2057,9.5,32.5,64
2058,10.5,32.5,64
2059,11.5,32.5,64
2060,12.5,32.5,64
2061,13.5,32.5,64
2062,14.5,32.5,64
2063,15.5,32.5,64
2064,16.5,32.5,64
2065,17.5,32.5,37
2066,18.5,32.5,37
2067,19.5,32.5,37
2068,20.5,32.5,37
2069,21.5,32.5,37
2070,22.5,32.5,65
2071,23.5,32.5,65
2072,24.5,32.5,65
2073,25.5,32.5,65
2074,26.5,32.5,65
2075,27.5,32.5,96
2076,28.5,32.5,96
2077,29.5,32.5,96
2078,30.5,32.5,96
2079,31.5,32.5,96
2080,32.5,32.5,96
2081,33.5,32.5,13
2082,34.5,32.5,13
2083,35.5,32.5,13
2084,36.5,32.5,13
2085,37.5,32.5,13
2086,38.5,32.5,13
2087,39.5,32.5,13
2088,40.5,32.5,13
2089,41.5,32.5,78
2090,42.5,32.5,54
2091,43.5,32.5,54
2092,44.5,32.5,54
2093,45.5,32.5,54
2094,46.5,32.5,54
2095,47.5,32.5,54
2096,48.5,32.5,54
2097,49.5,32.5,31
2098,50.5,32.5,31
2099,51.5,32.5,31
2100,52.5,32.5,31
2101,53.5,32.5,73
2102,54.5,32.5,73
2103,55.5,32.5,15
2104,56.5,32.5,15
2105,57.5,32.5,15
2106,58.5,32.5,15
2107,59.5,32.5,15
2108,60.5,32.5,15
2109,61.5,32.5,15
2110,62.5,32.5,15
2111,63.5,32.5,15
2112,0.5,33.5,51
2113,1.5,33.5,36
2114,2.5,33.5,36
2115,3.5,33.5,36
2116,4.5,33.5,36
2117,5.5,33.5,36
2118,6.5,33.5,36
2119,7.5,33.5,36
2120,8.5,33.5,64
2121,9.5,33.5,64
2122,10.5,33.5,64
2123,11.5,33.5,64
2124,12.5,33.5,64
2125,13.5,33.5,64
2126,14.5,33.5,64
2127,15.5,33.5,64
2128,16.5,33.5,12
2129,17.5,33.5,12
2130,18.5,33.5,12
2131,19.5,33.5,12
2132,20.5,33.5,12
2133,21.5,33.5,65
2134,22.5,33.5,65
2135,23.5,33.5,65
2136,24.5,33.5,65
2137,25.5,33.5,65
2138,26.5,33.5,65
2139,27.5,33.5,65
2140,28.5,33.5,96
2141,29.5,33.5,96
2142,30.5,33.5,96
2143,31.5,33.5,96
2144,32.5,33.5,96
2145,33.5,33.5,13
2146,34.5,33.5,13
2147,35.5,33.5,13
2148,36.5,33.5,13
2149,37.5,33.5,13
2150,38.5,33.5,13
2151,39.5,33.5,13
2152,40.5,33.5,32
2153,41.5,33.5,32
2154,42.5,33.5,54
2155,43.5,33.5,54
2156,44.5,33.5,54
2157,45.5,33.5,54
2158,46.5,33.5,54
2159,47.5,33.5,54
2160,48.5,33.5,54
2161,49.5,33.5,31
2162,50.5,33.5,31
2163,51.5,33.5,31
2164,52.5,33.5,31
2165,53.5,33.5,73
2166,54.5,33.5,73
2167,55.5,33.5,15
2168,56.5,33.5,15
2169,57.5,33.5,15
2170,58.5,33.5,15
2171,59.5,33.5,15
2172,60.5,33.5,15
2173,61.5,33.5,15
2174,62.5,33.5,15
2175,63.5,33.5,15
2176,0.5,34.5,51
2177,1.5,34.5,51
2178,2.5,34.5,36
2179,3.5,34.5,36
2180,4.5,34.5,36
2181,5.5,34.5,36
2182,6.5,34.5,36
2183,7.5,34.5,36
2184,8.5,34.5,36
2185,9.5,34.5,64
2186,10.5,34.5,64
2187,11.5,34.5,64
2188,12.5,34.5,17
2189,13.5,34.5,17
2190,14.5,34.5,17
2191,15.5,34.5,12
2192,16.5,34.5,12
2193,17.5,34.5,12
2194,18.5,34.5,12
2195,19.5,34.5,12
2196,20.5,34.5,12
2197,21.5,34.5,87
2198,22.5,34.5,65
2199,23.5,34.5,65
2200,24.5,34.5,65
2201,25.5,34.5,65
2202,26.5,34.5,65
2203,27.5,34.5,65
2204,28.5,34.5,65
2205,29.5,34.5,96
2206,30.5,34.5,96
2207,31.5,34.5,96
2208,32.5,34.5,96
2209,33.5,34.5,96
2210,34.5,34.5,13
2211,35.5,34.5,13
2212,36.5,34.5,13
2213,37.5,34.5,13
2214,38.5,34.5,13
2215,39.5,34.5,6
2216,40.5,34.5,32
2217,41.5,34.5,32
2218,42.5,34.5,32
2219,43.5,34.5,54
2220,44.5,34.5,54
2221,45.5,34.5,54
2222,46.5,34.5,54
2223,47.5,34.5,54
2224,48.5,34.5,71
2225,49.5,34.5,71
2226,50.5,34.5,4
2227,51.5,34.5,4
2228,52.5,34.5,70
2229,53.5,34.5,73
2230,54.5,34.5,73
2231,55.5,34.5,14
2232,56.5,34.5,14
2233,57.5,34.5,14
2234,58.5,34.5,14
2235,59.5,34.5,14
2236,60.5,34.5,14
2237,61.5,34.5,15
2238,62.5,34.5,15
2239,63.5,34.5,15
2240,0.5,35.5,51
2241,1.5,35.5,51
2242,2.5,35.5,51
2243,3.5,35.5,36
2244,4.5,35.5,36
2245,5.5,35.5,36
2246,6.5,35.5,36
2247,7.5,35.5,36
2248,8.5,35.5,36
2249,9.5,35.5,36
2250,10.5,35.5,17
2251,11.5,35.5,17
2252,12.5,35.5,17
2253,13.5,35.5,17
2254,14.5,35.5,17
2255,15.5,35.5,12
2256,16.5,35.5,12
2257,17.5,35.5,12
2258,18.5,35.5,12
2259,19.5,35.5,12
2260,20.5,35.5,12
2261,21.5,35.5,87
2262,22.5,35.5,87
2263,23.5,35.5,65
2264,24.5,35.5,65
2265,25.5,35.5,65
2266,26.5,35.5,65
2267,27.5,35.5,65
2268,28.5,35.5,65
2269,29.5,35.5,65
2270,30.5,35.5,96
2271,31.5,35.5,96
2272,32.5,35.5,96
2273,33.5,35.5,96
2274,34.5,35.5,13
2275,35.5,35.5,13
2276,36.5,35.5,13
2277,37.5,35.5,6
2278,38.5,35.5,6
2279,39.5,35.5,6
2280,40.5,35.5,32
2281,41.5,35.5,32
2282,42.5,35.5,32
2283,43.5,35.5,32
2284,44.5,35.5,54
2285,45.5,35.5,54
2286,46.5,35.5,54
2287,47.5,35.5,71
2288,48.5,35.5,71
2289,49.5,35.5,71
2290,50.5,35.5,4
2291,51.5,35.5,70
2292,52.5,35.5,70
2293,53.5,35.5,70
2294,54.5,35.5,14
2295,55.5,35.5,14
2296,56.5,35.5,14
2297,57.5,35.5,14
2298,58.5,35.5,14
2299,59.5,35.5,14
2300,60.5,35.5,14
2301,61.5,35.5,14
2302,62.5,35.5,14
2303,63.5,35.5,14
2304,0.5,36.5,51
2305,1.5,36.5,51
2306,2.5,36.5,51
2307,3.5,36.5,36
2308,4.5,36.5,36
2309,5.5,36.5,36
2310,6.5,36.5,36
2311,7.5,36.5,36
2312,8.5,36.5,36
2313,9.5,36.5,36
2314,10.5,36.5,17
2315,11.5,36.5,17
2316,12.5,36.5,17
2317,13.5,36.5,17
2318,14.5,36.5,17
2319,15.5,36.5,12
2320,16.5,36.5,12
2321,17.5,36.5,12
2322,18.5,36.5,12
2323,19.5,36.5,12
2324,20.5,36.5,87
2325,21.5,36.5,87
2326,22.5,36.5,87
2327,23.5,36.5,87
2328,24.5,36.5,28
2329,25.5,36.5,65
2330,26.5,36.5,65
2331,27.5,36.5,65
2332,28.5,36.5,65
2333,29.5,36.5,65
2334,30.5,36.5,65
2335,31.5,36.5,96
2336,32.5,36.5,96
2337,33.5,36.5,96
2338,34.5,36.5,6
2339,35.5,36.5,6
2340,36.5,36.5,6
2341,37.5,36.5,6
2342,38.5,36.5,6
2343,39.5,36.5,6
2344,40.5,36.5,32
2345,41.5,36.5,32
2346,42.5,36.5,32
2347,43.5,36.5,32
2348,44.5,36.5,32
2349,45.5,36.5,32
2350,46.5,36.5,71
2351,47.5,36.5,71
2352,48.5,36.5,71
2353,49.5,36.5,71
2354,50.5,36.5,71
2355,51.5,36.5,70
2356,52.5,36.5,70
2357,53.5,36.5,70
2358,54.5,36.5,14
2359,55.5,36.5,14
2360,56.5,36.5,14
2361,57.5,36.5,14
2362,58.5,36.5,14
2363,59.5,36.5,14
2364,60.5,36.5,14
2365,61.5,36.5,14
2366,62.5,36.5,14
2367,63.5,36.5,14
2368,0.5,37.5,51
2369,1.5,37.5,51
2370,2.5,37.5,51
2371,3.5,37.5,51
2372,4.5,37.5,36
2373,5.5,37.5,36
2374,6.5,37.5,36
2375,7.5,37.5,36
2376,8.5,37.5,36
2377,9.5,37.5,36
2378,10.5,37.5,17
2379,11.5,37.5,17
2380,12.5,37.5,17
2381,13.5,37.5,17
2382,14.5,37.5,17
2383,15.5,37.5,12
2384,16.5,37.5,12
2385,17.5,37.5,12
2386,18.5,37.5,12
2387,19.5,37.5,12
2388,20.5,37.5,87
2389,21.5,37.5,87
2390,22.5,37.5,87
2391,23.5,37.5,87
2392,24.5,37.5,28
2393,25.5,37.5,28
2394,26.5,37.5,28
2395,27.5,37.5,65
2396,28.5,37.5,65
2397,29.5,37.5,65
2398,30.5,37.5,65
2399,31.5,37.5,41
2400,32.5,37.5,41
2401,33.5,37.5,45
2402,34.5,37.5,45
2403,35.5,37.5,45
2404,36.5,37.5,6
2405,37.5,37.5,6
2406,38.5,37.5,6
2407,39.5,37.5,6
2408,40.5,37.5,6
2409,41.5,37.5,32
2410,42.5,37.5,98
2411,43.5,37.5,98
2412,44.5,37.5,98
2413,45.5,37.5,98
2414,46.5,37.5,71
2415,47.5,37.5,71
2416,48.5,37.5,71
2417,49.5,37.5,71
2418,50.5,37.5,71
2419,51.5,37.5,70
2420,52.5,37.5,70
2421,53.5,37.5,70
2422,54.5,37.5,14
2423,55.5,37.5,14
2424,56.5,37.5,14
2425,57.5,37.5,14
2426,58.5,37.5,29
2427,59.5,37.5,29
2428,60.5,37.5,29
2429,61.5,37.5,29
2430,62.5,37.5,29
2431,63.5,37.5,29
2432,0.5,38.5,51
2433,1.5,38.5,51
2434,2.5,38.5,51
2435,3.5,38.5,51
2436,4.5,38.5,51
2437,5.5,38.5,36
2438,6.5,38.5,36
2439,7.5,38.5,36
2440,8.5,38.5,36
2441,9.5,38.5,36
2442,10.5,38.5,17
2443,11.5,38.5,17
2444,12.5,38.5,17
2445,13.5,38.5,17
2446,14.5,38.5,17
2447,15.5,38.5,12
2448,16.5,38.5,12
2449,17.5,38.5,12
2450,18.5,38.5,12
2451,19.5,38.5,12
2452,20.5,38.5,87
2453,21.5,38.5,87
2454,22.5,38.5,87
2455,23.5,38.5,87
2456,24.5,38.5,48
2457,25.5,38.5,28
2458,26.5,38.5,28
2459,27.5,38.5,28
2460,28.5,38.5,28
2461,29.5,38.5,41
2462,30.5,38.5,41
2463,31.5,38.5,41
2464,32.5,38.5,41
2465,33.5,38.5,45
2466,34.5,38.5,45
2467,35.5,38.5,45
2468,36.5,38.5,45
2469,37.5,38.5,6
2470,38.5,38.5,6
2471,39.5,38.5,6
2472,40.5,38.5,6
2473,41.5,38.5,98
2474,42.5,38.5,98
2475,43.5,38.5,98
2476,44.5,38.5,98
2477,45.5,38.5,98
2478,46.5,38.5,42
2479,47.5,38.5,42
2480,48.5,38.5,42
2481,49.5,38.5,42
2482,50.5,38.5,42
2483,51.5,38.5,71
2484,52.5,38.5,70
2485,53.5,38.5,29
2486,54.5,38.5,29
2487,55.5,38.5,29
2488,56.5,38.5,29
2489,57.5,38.5,29
2490,58.5,38.5,29
2491,59.5,38.5,29
2492,60.5,38.5,29
2493,61.5,38.5,29
2494,62.5,38.5,29
2495,63.5,38.5,29
2496,0.5,39.5,58
2497,1.5,39.5,51
2498,2.5,39.5,51
2499,3.5,39.5,51
2500,4.5,39.5,51
2501,5.5,39.5,51
2502,6.5,39.5,36
2503,7.5,39.5,36
2504,8.5,39.5,36
2505,9.5,39.5,49
2506,10.5,39.5,17
2507,11.5,39.5,17
2508,12.5,39.5,17
2509,13.5,39.5,17
2510,14.5,39.5,12
2511,15.5,39.5,12
2512,16.5,39.5,12
2513,17.5,39.5,12
2514,18.5,39.5,12
2515,19.5,39.5,12
2516,20.5,39.5,87
2517,21.5,39.5,87
2518,22.5,39.5,87
2519,23.5,39.5,87
2520,24.5,39.5,48
2521,25.5,39.5,28
2522,26.5,39.5,28
2523,27.5,39.5,28
2524,28.5,39.5,41
2525,29.5,39.5,41
2526,30.5,39.5,41
2527,31.5,39.5,41
2528,32.5,39.5,41
2529,33.5,39.5,45
2530,34.5,39.5,45
2531,35.5,39.5,45
2532,36.5,39.5,45
2533,37.5,39.5,80
2534,38.5,39.5,80
2535,39.5,39.5,80
2536,40.5,39.5,80
2537,41.5,39.5,98
2538,42.5,39.5,98
2539,43.5,39.5,98
2540,44.5,39.5,98
2541,45.5,39.5,98
2542,46.5,39.5,42
2543,47.5,39.5,42
2544,48.5,39.5,42
2545,49.5,39.5,42
2546,50.5,39.5,42
2547,51.5,39.5,42
2548,52.5,39.5,42
2549,53.5,39.5,29
2550,54.5,39.5,29
2551,55.5,39.5,29
2552,56.5,39.5,29
2553,57.5,39.5,29
2554,58.5,39.5,29
2555,59.5,39.5,29
2556,60.5,39.5,29
2557,61.5,39.5,29
2558,62.5,39.5,29
2559,63.5,39.5,29
2560,0.5,40.5,58
2561,1.5,40.5,58
2562,2.5,40.5,51
2563,3.5,40.5,55
2564,4.5,40.5,55
2565,5.5,40.5,55
2566,6.5,40.5,55
2567,7.5,40.5,49
2568,8.5,40.5,49
2569,9.5,40.5,49
2570,10.5,40.5,49
2571,11.5,40.5,49
2572,12.5,40.5,17
2573,13.5,40.5,17
2574,14.5,40.5,12
2575,15.5,40.5,12
2576,16.5,40.5,12
2577,17.5,40.5,12
2578,18.5,40.5,12
2579,19.5,40.5,85
2580,20.5,40.5,87
2581,21.5,40.5,87
2582,22.5,40.5,87
2583,23.5,40.5,48
2584,24.5,40.5,48
2585,25.5,40.5,46
2586,26.5,40.5,46
2587,27.5,40.5,46
2588,28.5,40.5,41
2589,29.5,40.5,41
2590,30.5,40.5,41
2591,31.5,40.5,41
2592,32.5,40.5,20
2593,33.5,40.5,68
2594,34.5,40.5,45
2595,35.5,40.5,45
2596,36.5,40.5,45
2597,37.5,40.5,45
2598,38.5,40.5,80
2599,39.5,40.5,80
2600,40.5,40.5,8
2601,41.5,40.5,8
2602,42.5,40.5,98
2603,43.5,40.5,98
2604,44.5,40.5,98
2605,45.5,40.5,98
2606,46.5,40.5,42
2607,47.5,40.5,42
2608,48.5,40.5,42
2609,49.5,40.5,42
2610,50.5,40.5,42
2611,51.5,40.5,42
2612,52.5,40.5,42
2613,53.5,40.5,29
2614,54.5,40.5,29
2615,55.5,40.5,29
2616,56.5,40.5,29
2617,57.5,40.5,29
2618,58.5,40.5,29
2619,59.5,40.5,29
2620,60.5,40.5,29
2621,61.5,40.5,29
2622,62.5,40.5,29
2623,63.5,40.5,29
2624,0.5,41.5,58
2625,1.5,41.5,58
2626,2.5,41.5,55
2627,3.5,41.5,55
2628,4.5,41.5,55
2629,5.5,41.5,55
2630,6.5,41.5,49
2631,7.5,41.5,49
2632,8.5,41.5,49
2633,9.5,41.5,49
2634,10.5,41.5,49
2635,11.5,41.5,49
2636,12.5,41.5,49
2637,13.5,41.5,17
2638,14.5,41.5,12
2639,15.5,41.5,12
2640,16.5,41.5,85
2641,17.5,41.5,85
2642,18.5,41.5,85
2643,19.5,41.5,85
2644,20.5,41.5,85
2645,21.5,41.5,87
2646,22.5,41.5,87
2647,23.5,41.5,48
2648,24.5,41.5,48
2649,25.5,41.5,46
2650,26.5,41.5,46
2651,27.5,41.5,46
2652,28.5,41.5,41
2653,29.5,41.5,41
2654,30.5,41.5,41
2655,31.5,41.5,20
2656,32.5,41.5,20
2657,33.5,41.5,68
2658,34.5,41.5,68
2659,35.5,41.5,45
2660,36.5,41.5,45
2661,37.5,41.5,45
2662,38.5,41.5,8
2663,39.5,41.5,8
2664,40.5,41.5,8
2665,41.5,41.5,8
2666,42.5,41.5,8
2667,43.5,41.5,98
2668,44.5,41.5,98
2669,45.5,41.5,42
2670,46.5,41.5,42
2671,47.5,41.5,42
2672,48.5,41.5,42
2673,49.5,41.5,42
2674,50.5,41.5,42
2675,51.5,41.5,42
2676,52.5,41.5,42
2677,53.5,41.5,29
2678,54.5,41.5,29
2679,55.5,41.5,29
2680,56.5,41.5,29
2681,57.5,41.5,29
2682,58.5,41.5,29
2683,59.5,41.5,29
2684,60.5,41.5,29
2685,61.5,41.5,29
2686,62.5,41.5,29
2687,63.5,41.5,29
2688,0.5,42.5,58
2689,1.5,42.5,58
2690,2.5,42.5,55
2691,3.5,42.5,55
2692,4.5,42.5,55
2693,5.5,42.5,55
2694,6.5,42.5,49
2695,7.5,42.5,49
2696,8.5,42.5,49
2697,9.5,42.5,49
2698,10.5,42.5,49
2699,11.5,42.5,49
2700,12.5,42.5,49
2701,13.5,42.5,49
2702,14.5,42.5,85
2703,15.5,42.5,85
2704,16.5,42.5,85
2705,17.5,42.5,85
2706,18.5,42.5,85
2707,19.5,42.5,85
2708,20.5,42.5,85
2709,21.5,42.5,87
2710,22.5,42.5,87
2711,23.5,42.5,48
2712,24.5,42.5,48
2713,25.5,42.5,46
2714,26.5,42.5,46
2715,27.5,42.5,46
2716,28.5,42.5,41
2717,29.5,42.5,41
2718,30.5,42.5,20
2719,31.5,42.5,20
2720,32.5,42.5,20
2721,33.5,42.5,68
2722,34.5,42.5,68
2723,35.5,42.5,68
2724,36.5,42.5,45
2725,37.5,42.5,8
2726,38.5,42.5,8
2727,39.5,42.5,8
2728,40.5,42.5,8
2729,41.5,42.5,8
2730,42.5,42.5,8
2731,43.5,42.5,8
2732,44.5,42.5,98
2733,45.5,42.5,42
2734,46.5,42.5,42
2735,47.5,42.5,42
2736,48.5,42.5,42
2737,49.5,42.5,33
2738,50.5,42.5,33
2739,51.5,42.5,33
2740,52.5,42.5,33
2741,53.5,42.5,33
2742,54.5,42.5,29
2743,55.5,42.5,29
2744,56.5,42.5,29
2745,57.5,42.5,29
2746,58.5,42.5,29
2747,59.5,42.5,29
2748,60.5,42.5,29
2749,61.5,42.5,29
2750,62.5,42.5,29
2751,63.5,42.5,29
2752,0.5,43.5,58
2753,1.5,43.5,58
2754,2.5,43.5,58
2755,3.5,43.5,55
2756,4.5,43.5,55
2757,5.5,43.5,55
2758,6.5,43.5,49
2759,7.5,43.5,49
2760,8.5,43.5,49
2761,9.5,43.5,49
2762,10.5,43.5,49
2763,11.5,43.5,49
2764,12.5,43.5,49
2765,13.5,43.5,9
2766,14.5,43.5,9
2767,15.5,43.5,85
2768,16.5,43.5,85
2769,17.5,43.5,85
2770,18.5,43.5,85
2771,19.5,43.5,85
2772,20.5,43.5,85
2773,21.5,43.5,85
2774,22.5,43.5,48
2775,23.5,43.5,48
2776,24.5,43.5,48
2777,25.5,43.5,46
2778,26.5,43.5,46
2779,27.5,43.5,75
2780,28.5,43.5,41
2781,29.5,43.5,56
2782,30.5,43.5,20
2783,31.5,43.5,20
2784,32.5,43.5,68
2785,33.5,43.5,68
2786,34.5,43.5,68
2787,35.5,43.5,68
2788,36.5,43.5,8
2789,37.5,43.5,8
2790,38.5,43.5,8
2791,39.5,43.5,8
2792,40.5,43.5,8
2793,41.5,43.5,8
2794,42.5,43.5,8
2795,43.5,43.5,53
2796,44.5,43.5,53
2797,45.5,43.5,53
2798,46.5,43.5,33
2799,47.5,43.5,33
2800,48.5,43.5,33
2801,49.5,43.5,33
2802,50.5,43.5,33
2803,51.5,43.5,33
2804,52.5,43.5,33
2805,53.5,43.5,33
2806,54.5,43.5,81
2807,55.5,43.5,29
2808,56.5,43.5,29
2809,57.5,43.5,29
2810,58.5,43.5,29
2811,59.5,43.5,29
2812,60.5,43.5,29
2813,61.5,43.5,29
2814,62.5,43.5,29
2815,63.5,43.5,29
2816,0.5,44.5,58
2817,1.5,44.5,84
2818,2.5,44.5,84
2819,3.5,44.5,84
2820,4.5,44.5,55
2821,5.5,44.5,49
2822,6.5,44.5,49
2823,7.5,44.5,49
2824,8.5,44.5,49
2825,9.5,44.5,49
2826,10.5,44.5,49
2827,11.5,44.5,49
2828,12.5,44.5,9
2829,13.5,44.5,9
2830,14.5,44.5,9
2831,15.5,44.5,9
2832,16.5,44.5,85
2833,17.5,44.5,85
2834,18.5,44.5,85
2835,19.5,44.5,85
2836,20.5,44.5,85
2837,21.5,44.5,82
2838,22.5,44.5,82
2839,23.5,44.5,82
2840,24.5,44.5,82
2841,25.5,44.5,75
2842,26.5,44.5,75
2843,27.5,44.5,75
2844,28.5,44.5,75
2845,29.5,44.5,62
2846,30.5,44.5,56
2847,31.5,44.5,56
2848,32.5,44.5,56
2849,33.5,44.5,68
2850,34.5,44.5,68
2851,35.5,44.5,68
2852,36.5,44.5,68
2853,37.5,44.5,8
2854,38.5,44.5,8
2855,39.5,44.5,8
2856,40.5,44.5,8
2857,41.5,44.5,67
2858,42.5,44.5,67
2859,43.5,44.5,53
2860,44.5,44.5,53
2861,45.5,44.5,53
2862,46.5,44.5,33
2863,47.5,44.5,33
2864,48.5,44.5,33
2865,49.5,44.5,33
2866,50.5,44.5,33
2867,51.5,44.5,33
2868,52.5,44.5,81
2869,53.5,44.5,81
2870,54.5,44.5,81
2871,55.5,44.5,81
2872,56.5,44.5,29
2873,57.5,44.5,29
2874,58.5,44.5,29
2875,59.5,44.5,29
2876,60.5,44.5,29
2877,61.5,44.5,29
2878,62.5,44.5,29
2879,63.5,44.5,29
2880,0.5,45.5,84
2881,1.5,45.5,84
2882,2.5,45.5,84
2883,3.5,45.5,84
2884,4.5,45.5,84
2885,5.5,45.5,49
2886,6.5,45.5,49
2887,7.5,45.5,49
2888,8.5,45.5,49
2889,9.5,45.5,49
2890,10.5,45.5,49
2891,11.5,45.5,49
2892,12.5,45.5,9
2893,13.5,45.5,9
2894,14.5,45.5,9
2895,15.5,45.5,9
2896,16.5,45.5,9
2897,17.5,45.5,85
2898,18.5,45.5,85
2899,19.5,45.5,85
2900,20.5,45.5,86
2901,21.5,45.5,82
2902,22.5,45.5,82
2903,23.5,45.5,82
2904,24.5,45.5,82
2905,25.5,45.5,75
2906,26.5,45.5,75
2907,27.5,45.5,75
2908,28.5,45.5,75
2909,29.5,45.5,62
2910,30.5,45.5,56
2911,31.5,45.5,56
2912,32.5,45.5,56
2913,33.5,45.5,79
2914,34.5,45.5,79
2915,35.5,45.5,79
2916,36.5,45.5,79
2917,37.5,45.5,8
2918,38.5,45.5,8
2919,39.5,45.5,67
2920,40.5,45.5,67
2921,41.5,45.5,67
2922,42.5,45.5,67
2923,43.5,45.5,53
2924,44.5,45.5,53
2925,45.5,45.5,53
2926,46.5,45.5,53
2927,47.5,45.5,33
2928,48.5,45.5,33
2929,49.5,45.5,33
2930,50.5,45.5,33
2931,51.5,45.5,81
2932,52.5,45.5,81
2933,53.5,45.5,81
2934,54.5,45.5,81
2935,55.5,45.5,81
2936,56.5,45.5,81
2937,57.5,45.5,81
2938,58.5,45.5,29
2939,59.5,45.5,29
2940,60.5,45.5,29
2941,61.5,45.5,29
2942,62.5,45.5,29
2943,63.5,45.5,29
2944,0.5,46.5,84
2945,1.5,46.5,84
2946,2.5,46.5,84
2947,3.5,46.5,84
2948,4.5,46.5,84
2949,5.5,46.5,84
2950,6.5,46.5,49
2951,7.5,46.5,49
2952,8.5,46.5,49
2953,9.5,46.5,49
2954,10.5,46.5,49
2955,11.5,46.5,9
2956,12.5,46.5,9
2957,13.5,46.5,9
2958,14.5,46.5,9
2959,15.5,46.5,9
2960,16.5,46.5,9
2961,17.5,46.5,9
2962,18.5,46.5,85
2963,19.5,46.5,86
2964,20.5,46.5,86
2965,21.5,46.5,86
2966,22.5,46.5,82
2967,23.5,46.5,82
2968,24.5,46.5,82
2969,25.5,46.5,75
2970,26.5,46.5,75
2971,27.5,46.5,75
2972,28.5,46.5,75
2973,29.5,46.5,62
2974,30.5,46.5,62
2975,31.5,46.5,79
2976,32.5,46.5,79
2977,33.5,46.5,79
2978,34.5,46.5,79
2979,35.5,46.5,79
2980,36.5,46.5,79
2981,37.5,46.5,79
2982,38.5,46.5,67
2983,39.5,46.5,67
2984,40.5,46.5,67
2985,41.5,46.5,67
2986,42.5,46.5,67
2987,43.5,46.5,53
2988,44.5,46.5,53
2989,45.5,46.5,53
2990,46.5,46.5,53
2991,47.5,46.5,89
2992,48.5,46.5,89
2993,49.5,46.5,89
2994,50.5,46.5,81
2995,51.5,46.5,81
2996,52.5,46.5,81
2997,53.5,46.5,81
2998,54.5,46.5,81
2999,55.5,46.5,81
3000,56.5,46.5,81
3001,57.5,46.5,81
3002,58.5,46.5,81
3003,59.5,46.5,81
3004,60.5,46.5,29
3005,61.5,46.5,29
3006,62.5,46.5,29
3007,63.5,46.5,29
3008,0.5,47.5,84
3009,1.5,47.5,84
3010,2.5,47.5,84
3011,3.5,47.5,84
3012,4.5,47.5,84
3013,5.5,47.5,84
3014,6.5,47.5,84
3015,7.5,47.5,49
3016,8.5,47.5,49
3017,9.5,47.5,49
3018,10.5,47.5,49
3019,11.5,47.5,9
3020,12.5,47.5,9
3021,13.5,47.5,9
3022,14.5,47.5,9
3023,15.5,47.5,9
3024,16.5,47.5,9
3025,17.5,47.5,9
3026,18.5,47.5,86
3027,19.5,47.5,86
3028,20.5,47.5,86
3029,21.5,47.5,86
3030,22.5,47.5,82
3031,23.5,47.5,82
3032,24.5,47.5,82
3033,25.5,47.5,82
3034,26.5,47.5,75
3035,27.5,47.5,91
3036,28.5,47.5,91
3037,29.5,47.5,91
3038,30.5,47.5,62
3039,31.5,47.5,79
3040,32.5,47.5,79
3041,33.5,47.5,79
3042,34.5,47.5,79
3043,35.5,47.5,79
3044,36.5,47.5,79
3045,37.5,47.5,79
3046,38.5,47.5,67
3047,39.5,47.5,67
3048,40.5,47.5,67
3049,41.5,47.5,67
3050,42.5,47.5,67
3051,43.5,47.5,53
3052,44.5,47.5,53
3053,45.5,47.5,53
3054,46.5,47.5,53
3055,47.5,47.5,89
3056,48.5,47.5,89
3057,49.5,47.5,89
3058,50.5,47.5,89
3059,51.5,47.5,81
3060,52.5,47.5,81
3061,53.5,47.5,81
3062,54.5,47.5,81
3063,55.5,47.5,81
3064,56.5,47.5,81
3065,57.5,47.5,81
3066,58.5,47.5,81
3067,59.5,47.5,81
3068,60.5,47.5,81
3069,61.5,47.5,29
3070,62.5,47.5,29
3071,63.5,47.5,29
3072,0.5,48.5,84
3073,1.5,48.5,84
3074,2.5,48.5,84
3075,3.5,48.5,84
3076,4.5,48.5,84
3077,5.5,48.5,84
3078,6.5,48.5,84
3079,7.5,48.5,49
3080,8.5,48.5,49
3081,9.5,48.5,49
3082,10.5,48.5,9
3083,11.5,48.5,9
3084,12.5,48.5,9
3085,13.5,48.5,9
3086,14.5,48.5,9
3087,15.5,48.5,9
3088,16.5,48.5,9
3089,17.5,48.5,9
3090,18.5,48.5,86
3091,19.5,48.5,86
3092,20.5,48.5,86
3093,21.5,48.5,86
3094,22.5,48.5,82
3095,23.5,48.5,82
3096,24.5,48.5,82
3097,25.5,48.5,82
3098,26.5,48.5,91
3099,27.5,48.5,91
3100,28.5,48.5,91
3101,29.5,48.5,91
3102,30.5,48.5,91
3103,31.5,48.5,79
3104,32.5,48.5,79
3105,33.5,48.5,79
3106,34.5,48.5,79
3107,35.5,48.5,79
3108,36.5,48.5,79
3109,37.5,48.5,26
3110,38.5,48.5,67
3111,39.5,48.5,67
3112,40.5,48.5,67
3113,41.5,48.5,67
3114,42.5,48.5,43
3115,43.5,48.5,43
3116,44.5,48.5,43
3117,45.5,48.5,53
3118,46.5,48.5,53
3119,47.5,48.5,89
3120,48.5,48.5,89
3121,49.5,48.5,89
3122,50.5,48.5,89
3123,51.5,48.5,81
3124,52.5,48.5,81
3125,53.5,48.5,81
3126,54.5,48.5,81
3127,55.5,48.5,81
3128,56.5,48.5,81
3129,57.5,48.5,81
3130,58.5,48.5,81
3131,59.5,48.5,81
3132,60.5,48.5,81
3133,61.5,48.5,81
3134,62.5,48.5,81
3135,63.5,48.5,29
3136,0.5,49.5,84
3137,1.5,49.5,84
3138,2.5,49.5,84
3139,3.5,49.5,84
3140,4.5,49.5,84
3141,5.5,49.5,84
3142,6.5,49.5,84
3143,7.5,49.5,23
3144,8.5,49.5,49
3145,9.5,49.5,9
3146,10.5,49.5,9
3147,11.5,49.5,9
3148,12.5,49.5,9
3149,13.5,49.5,9
3150,14.5,49.5,9
3151,15.5,49.5,9
3152,16.5,49.5,9
3153,17.5,49.5,9
3154,18.5,49.5,86
3155,19.5,49.5,86
3156,20.5,49.5,86
3157,21.5,49.5,86
3158,22.5,49.5,86
3159,23.5,49.5,82
3160,24.5,49.5,82
3161,25.5,49.5,82
3162,26.5,49.5,91
3163,27.5,49.5,91
3164,28.5,49.5,91
3165,29.5,49.5,91
3166,30.5,49.5,91
3167,31.5,49.5,79
3168,32.5,49.5,79
3169,33.5,49.5,79
3170,34.5,49.5,79
3171,35.5,49.5,79
3172,36.5,49.5,26
3173,37.5,49.5,26
3174,38.5,49.5,26
3175,39.5,49.5,67
3176,40.5,49.5,67
3177,41.5,49.5,43
3178,42.5,49.5,43
3179,43.5,49.5,43
3180,44.5,49.5,43
3181,45.5,49.5,22
3182,46.5,49.5,22
3183,47.5,49.5,47
3184,48.5,49.5,47
3185,49.5,49.5,47
3186,50.5,49.5,47
3187,51.5,49.5,47
3188,52.5,49.5,81
3189,53.5,49.5,81
3190,54.5,49.5,81
3191,55.5,49.5,81
3192,56.5,49.5,81
3193,57.5,49.5,81
3194,58.5,49.5,81
3195,59.5,49.5,81
3196,60.5,49.5,81
3197,61.5,49.5,81
3198,62.5,49.5,81
3199,63.5,49.5,81
3200,0.5,50.5,84
3201,1.5,50.5,84
3202,2.5,50.5,84
3203,3.5,50.5,84
3204,4.5,50.5,84
3205,5.5,50.5,23
3206,6.5,50.5,23
3207,7.5,50.5,23
3208,8.5,50.5,23
3209,9.5,50.5,44
3210,10.5,50.5,9
3211,11.5,50.5,9
3212,12.5,50.5,9
3213,13.5,50.5,9
3214,14.5,50.5,9
3215,15.5,50.5,9
3216,16.5,50.5,9
3217,17.5,50.5,9
3218,18.5,50.5,86
3219,19.5,50.5,86
3220,20.5,50.5,86
3221,21.5,50.5,86
3222,22.5,50.5,86
3223,23.5,50.5,82
3224,24.5,50.5,82
3225,25.5,50.5,91
3226,26.5,50.5,91
3227,27.5,50.5,91
3228,28.5,50.5,91
3229,29.5,50.5,94
3230,30.5,50.5,94
3231,31.5,50.5,94
3232,32.5,50.5,79
3233,33.5,50.5,79
3234,34.5,50.5,79
3235,35.5,50.5,26
3236,36.5,50.5,26
3237,37.5,50.5,26
3238,38.5,50.5,26
3239,39.5,50.5,26
3240,40.5,50.5,26
3241,41.5,50.5,43
3242,42.5,50.5,43
3243,43.5,50.5,43
3244,44.5,50.5,22
3245,45.5,50.5,22
3246,46.5,50.5,22
3247,47.5,50.5,22
3248,48.5,50.5,47
3249,49.5,50.5,47
3250,50.5,50.5,47
3251,51.5,50.5,47
3252,52.5,50.5,47
3253,53.5,50.5,47
3254,54.5,50.5,81
3255,55.5,50.5,81
3256,56.5,50.5,81
3257,57.5,50.5,81
3258,58.5,50.5,81
3259,59.5,50.5,81
3260,60.5,50.5,81
3261,61.5,50.5,81
3262,62.5,50.5,81
3263,63.5,50.5,81
3264,0.5,51.5,84
3265,1.5,51.5,84
3266,2.5,51.5,84
3267,3.5,51.5,23
3268,4.5,51.5,23
3269,5.5,51.5,23
3270,6.5,51.5,23
3271,7.5,51.5,23
3272,8.5,51.5,44
3273,9.5,51.5,44
3274,10.5,51.5,44
3275,11.5,51.5,9
3276,12.5,51.5,9
3277,13.5,51.5,9
3278,14.5,51.5,9
3279,15.5,51.5,9
3280,16.5,51.5,9
3281,17.5,51.5,9
3282,18.5,51.5,86
3283,19.5,51.5,86
3284,20.5,51.5,86
3285,21.5,51.5,86
3286,22.5,51.5,86
3287,23.5,51.5,86
3288,24.5,51.5,82
3289,25.5,51.5,94
3290,26.5,51.5,94
3291,27.5,51.5,94
3292,28.5,51.5,94
3293,29.5,51.5,94
3294,30.5,51.5,94
3295,31.5,51.5,94
3296,32.5,51.5,94
3297,33.5,51.5,94
3298,34.5,51.5,26
3299,35.5,51.5,26
3300,36.5,51.5,26
3301,37.5,51.5,26
3302,38.5,51.5,26
3303,39.5,51.5,26
3304,40.5,51.5,26
3305,41.5,51.5,43
3306,42.5,51.5,43
3307,43.5,51.5,22
3308,44.5,51.5,22
3309,45.5,51.5,22
3310,46.5,51.5,22
3311,47.5,51.5,22
3312,48.5,51.5,63
3313,49.5,51.5,47
3314,50.5,51.5,47
3315,51.5,51.5,47
3316,52.5,51.5,47
3317,53.5,51.5,47
3318,54.5,51.5,47
3319,55.5,51.5,47
3320,56.5,51.5,81
3321,57.5,51.5,81
3322,58.5,51.5,81
3323,59.5,51.5,81
3324,60.5,51.5,81
3325,61.5,51.5,81
3326,62.5,51.5,81
3327,63.5,51.5,81
3328,0.5,52.5,84
3329,1.5,52.5,23
3330,2.5,52.5,23
3331,3.5,52.5,23
3332,4.5,52.5,23
3333,5.5,52.5,23
3334,6.5,52.5,23
3335,7.5,52.5,23
3336,8.5,52.5,44
3337,9.5,52.5,44
3338,10.5,52.5,44
3339,11.5,52.5,44
3340,12.5,52.5,44
3341,13.5,52.5,9
3342,14.5,52.5,9
3343,15.5,52.5,9
3344,16.5,52.5,9
3345,17.5,52.5,86
3346,18.5,52.5,86
3347,19.5,52.5,86
3348,20.5,52.5,86
3349,21.5,52.5,86
3350,22.5,52.5,93
3351,23.5,52.5,93
3352,24.5,52.5,93
3353,25.5,52.5,93
3354,26.5,52.5,94
3355,27.5,52.5,94
3356,28.5,52.5,94
3357,29.5,52.5,94
3358,30.5,52.5,94
3359,31.5,52.5,94
3360,32.5,52.5,94
3361,33.5,52.5,94
3362,34.5,52.5,26
3363,35.5,52.5,26
3364,36.5,52.5,26
3365,37.5,52.5,26
3366,38.5,52.5,26
3367,39.5,52.5,26
3368,40.5,52.5,26
3369,41.5,52.5,26
3370,42.5,52.5,22
3371,43.5,52.5,22
3372,44.5,52.5,22
3373,45.5,52.5,22
3374,46.5,52.5,22
3375,47.5,52.5,63
3376,48.5,52.5,63
3377,49.5,52.5,63
3378,50.5,52.5,21
3379,51.5,52.5,21
3380,52.5,52.5,21
3381,53.5,52.5,21
3382,54.5,52.5,21
3383,55.5,52.5,16
3384,56.5,52.5,16
3385,57.5,52.5,16
3386,58.5,52.5,16
3387,59.5,52.5,16
3388,60.5,52.5,16
3389,61.5,52.5,16
3390,62.5,52.5,16
3391,63.5,52.5,16
3392,0.5,53.5,23
3393,1.5,53.5,23
3394,2.5,53.5,23
3395,3.5,53.5,23
3396,4.5,53.5,23
3397,5.5,53.5,23
3398,6.5,53.5,23
3399,7.5,53.5,23
3400,8.5,53.5,44
3401,9.5,53.5,44
3402,10.5,53.5,44
3403,11.5,53.5,44
3404,12.5,53.5,44
3405,13.5,53.5,44
3406,14.5,53.5,9
3407,15.5,53.5,9
3408,16.5,53.5,9
3409,17.5,53.5,86
3410,18.5,53.5,86
3411,19.5,53.5,86
3412,20.5,53.5,93
3413,21.5,53.5,93
3414,22.5,53.5,93
3415,23.5,53.5,93
3416,24.5,53.5,93
3417,25.5,53.5,93
3418,26.5,53.5,93
3419,27.5,53.5,94
3420,28.5,53.5,94
3421,29.5,53.5,94
3422,30.5,53.5,94
3423,31.5,53.5,94
3424,32.5,53.5,3
3425,33.5,53.5,3
3426,34.5,53.5,26
3427,35.5,53.5,26
3428,36.5,53.5,26
3429,37.5,53.5,26
3430,38.5,53.5,26
3431,39.5,53.5,26
3432,40.5,53.5,26
3433,41.5,53.5,26
3434,42.5,53.5,22
3435,43.5,53.5,22
3436,44.5,53.5,22
3437,45.5,53.5,22
3438,46.5,53.5,63
3439,47.5,53.5,63
3440,48.5,53.5,63
3441,49.5,53.5,21
3442,50.5,53.5,21
3443,51.5,53.5,21
3444,52.5,53.5,21
3445,53.5,53.5,16
3446,54.5,53.5,16
3447,55.5,53.5,16
3448,56.5,53.5,16
3449,57.5,53.5,16
3450,58.5,53.5,16
3451,59.5,53.5,16
3452,60.5,53.5,16
3453,61.5,53.5,16
3454,62.5,53.5,16
3455,63.5,53.5,16
3456,0.5,54.5,23
3457,1.5,54.5,23
3458,2.5,54.5,23
3459,3.5,54.5,23
3460,4.5,54.5,23
3461,5.5,54.5,23
3462,6.5,54.5,23
3463,7.5,54.5,44
3464,8.5,54.5,44
3465,9.5,54.5,44
3466,10.5,54.5,44
3467,11.5,54.5,44
3468,12.5,54.5,44
3469,13.5,54.5,44
3470,14.5,54.5,44
3471,15.5,54.5,9
3472,16.5,54.5,9
3473,17.5,54.5,86
3474,18.5,54.5,93
3475,19.5,54.5,93
3476,20.5,54.5,93
3477,21.5,54.5,93
3478,22.5,54.5,93
3479,23.5,54.5,93
3480,24.5,54.5,93
3481,25.5,54.5,93
3482,26.5,54.5,93
3483,27.5,54.5,94
3484,28.5,54.5,94
3485,29.5,54.5,3
3486,30.5,54.5,3
3487,31.5,54.5,3
3488,32.5,54.5,3
3489,33.5,54.5,3
3490,34.5,54.5,25
3491,35.5,54.5,26
3492,36.5,54.5,26
3493,37.5,54.5,26
3494,38.5,54.5,26
3495,39.5,54.5,26
3496,40.5,54.5,26
3497,41.5,54.5,72
3498,42.5,54.5,72
3499,43.5,54.5,22
3500,44.5,54.5,22
3501,45.5,54.5,22
3502,46.5,54.5,63
3503,47.5,54.5,63
3504,48.5,54.5,63
3505,49.5,54.5,21
3506,50.5,54.5,16
3507,51.5,54.5,16
3508,52.5,54.5,16
3509,53.5,54.5,16
3510,54.5,54.5,16
3511,55.5,54.5,16
3512,56.5,54.5,16
3513,57.5,54.5,16
3514,58.5,54.5,16
3515,59.5,54.5,16
3516,60.5,54.5,16
3517,61.5,54.5,16
3518,62.5,54.5,16
3519,63.5,54.5,16
3520,0.5,55.5,61
3521,1.5,55.5,23
3522,2.5,55.5,23
3523,3.5,55.5,23
3524,4.5,55.5,23
3525,5.5,55.5,23
3526,6.5,55.5,23
3527,7.5,55.5,44
3528,8.5,55.5,44
3529,9.5,55.5,44
3530,10.5,55.5,44
3531,11.5,55.5,44
3532,12.5,55.5,44
3533,13.5,55.5,44
3534,14.5,55.5,44
3535,15.5,55.5,44
3536,16.5,55.5,93
3537,17.5,55.5,93
3538,18.5,55.5,93
3539,19.5,55.5,93
3540,20.5,55.5,93
3541,21.5,55.5,93
3542,22.5,55.5,93
3543,23.5,55.5,93
3544,24.5,55.5,93
3545,25.5,55.5,93
3546,26.5,55.5,93
3547,27.5,55.5,93
3548,28.5,55.5,3
3549,29.5,55.5,3
3550,30.5,55.5,3
3551,31.5,55.5,3
3552,32.5,55.5,3
3553,33.5,55.5,25
3554,34.5,55.5,25
3555,35.5,55.5,1
3556,36.5,55.5,1
3557,37.5,55.5,1
3558,38.5,55.5,26
3559,39.5,55.5,72
3560,40.5,55.5,72
3561,41.5,55.5,72
3562,42.5,55.5,72
3563,43.5,55.5,2
3564,44.5,55.5,2
3565,45.5,55.5,2
3566,46.5,55.5,2
3567,47.5,55.5,2
3568,48.5,55.5,16
3569,49.5,55.5,16
3570,50.5,55.5,16
3571,51.5,55.5,16
3572,52.5,55.5,16
3573,53.5,55.5,16
3574,54.5,55.5,16
3575,55.5,55.5,16
3576,56.5,55.5,16
3577,57.5,55.5,16
3578,58.5,55.5,16
3579,59.5,55.5,16
3580,60.5,55.5,16
3581,61.5,55.5,16
3582,62.5,55.5,16
3583,63.5,55.5,16
3584,0.5,56.5,61
3585,1.5,56.5,61
3586,2.5,56.5,23
3587,3.5,56.5,23
3588,4.5,56.5,23
3589,5.5,56.5,23
3590,6.5,56.5,44
3591,7.5,56.5,44
3592,8.5,56.5,44
3593,9.5,56.5,44
3594,10.5,56.5,44
3595,11.5,56.5,44
3596,12.5,56.5,44
3597,13.5,56.5,44
3598,14.5,56.5,44
3599,15.5,56.5,44
3600,16.5,56.5,93
3601,17.5,56.5,93
3602,18.5,56.5,93
3603,19.5,56.5,93
3604,20.5,56.5,93
3605,21.5,56.5,93
3606,22.5,56.5,93
3607,23.5,56.5,93
3608,24.5,56.5,93
3609,25.5,56.5,93
3610,26.5,56.5,93
3611,27.5,56.5,93
3612,28.5,56.5,52
3613,29.5,56.5,52
3614,30.5,56.5,52
3615,31.5,56.5,52
3616,32.5,56.5,25
3617,33.5,56.5,25
3618,34.5,56.5,25
3619,35.5,56.5,1
3620,36.5,56.5,1
3621,37.5,56.5,1
3622,38.5,56.5,1
3623,39.5,56.5,72
3624,40.5,56.5,72
3625,41.5,56.5,72
3626,42.5,56.5,72
3627,43.5,56.5,2
3628,44.5,56.5,2
3629,45.5,56.5,2
3630,46.5,56.5,2
3631,47.5,56.5,2
3632,48.5,56.5,2
3633,49.5,56.5,16
3634,50.5,56.5,16
3635,51.5,56.5,16
3636,52.5,56.5,16
3637,53.5,56.5,16
3638,54.5,56.5,16
3639,55.5,56.5,16
3640,56.5,56.5,16
3641,57.5,56.5,16
3642,58.5,56.5,16
3643,59.5,56.5,16
3644,60.5,56.5,16
3645,61.5,56.5,16
3646,62.5,56.5,16
3647,63.5,56.5,16
3648,0.5,57.5,61
3649,1.5,57.5,61
3650,2.5,57.5,61
3651,3.5,57.5,61
3652,4.5,57.5,23
3653,5.5,57.5,23
3654,6.5,57.5,44
3655,7.5,57.5,44
3656,8.5,57.5,44
3657,9.5,57.5,44
3658,10.5,57.5,44
3659,11.5,57.5,44
3660,12.5,57.5,44
3661,13.5,57.5,44
3662,14.5,57.5,44
3663,15.5,57.5,44
3664,16.5,57.5,93
3665,17.5,57.5,93
3666,18.5,57.5,93
3667,19.5,57.5,93
3668,20.5,57.5,93
3669,21.5,57.5,93
3670,22.5,57.5,93
3671,23.5,57.5,93
3672,24.5,57.5,93
3673,25.5,57.5,93
3674,26.5,57.5,93
3675,27.5,57.5,52
3676,28.5,57.5,52
3677,29.5,57.5,52
3678,30.5,57.5,52
3679,31.5,57.5,25
3680,32.5,57.5,25
3681,33.5,57.5,25
3682,34.5,57.5,25
3683,35.5,57.5,1
3684,36.5,57.5,1
3685,37.5,57.5,1
3686,38.5,57.5,1
3687,39.5,57.5,72
3688,40.5,57.5,72
3689,41.5,57.5,72
3690,42.5,57.5,72
3691,43.5,57.5,2
3692,44.5,57.5,2
3693,45.5,57.5,2
3694,46.5,57.5,2
3695,47.5,57.5,2
3696,48.5,57.5,2
3697,49.5,57.5,16
3698,50.5,57.5,16
3699,51.5,57.5,16
3700,52.5,57.5,16
3701,53.5,57.5,16
3702,54.5,57.5,16
3703,55.5,57.5,16
3704,56.5,57.5,16
3705,57.5,57.5,16
3706,58.5,57.5,16
3707,59.5,57.5,16
3708,60.5,57.5,16
3709,61.5,57.5,16
3710,62.5,57.5,16
3711,63.5,57.5,16
3712,0.5,58.5,61
3713,1.5,58.5,61
3714,2.5,58.5,61
3715,3.5,58.5,61
3716,4.5,58.5,61
3717,5.5,58.5,23
3718,6.5,58.5,44
3719,7.5,58.5,44
3720,8.5,58.5,44
3721,9.5,58.5,44
3722,10.5,58.5,44
3723,11.5,58.5,44
3724,12.5,58.5,44
3725,13.5,58.5,44
3726,14.5,58.5,44
3727,15.5,58.5,44
3728,16.5,58.5,93
3729,17.5,58.5,93
3730,18.5,58.5,93
3731,19.5,58.5,93
3732,20.5,58.5,93
3733,21.5,58.5,93
3734,22.5,58.5,93
3735,23.5,58.5,93
3736,24.5,58.5,93
3737,25.5,58.5,93
3738,26.5,58.5,93
3739,27.5,58.5,52
3740,28.5,58.5,52
3741,29.5,58.5,52
3742,30.5,58.5,52
3743,31.5,58.5,25
3744,32.5,58.5,25
3745,33.5,58.5,25
3746,34.5,58.5,5
3747,35.5,58.5,1
3748,36.5,58.5,1
3749,37.5,58.5,1
3750,38.5,58.5,1
3751,39.5,58.5,72
3752,40.5,58.5,72
3753,41.5,58.5,72
3754,42.5,58.5,72
3755,43.5,58.5,72
3756,44.5,58.5,2
3757,45.5,58.5,2
3758,46.5,58.5,2
3759,47.5,58.5,2
3760,48.5,58.5,2
3761,49.5,58.5,2
3762,50.5,58.5,16
3763,51.5,58.5,16
3764,52.5,58.5,16
3765,53.5,58.5,16
3766,54.5,58.5,16
3767,55.5,58.5,16
3768,56.5,58.5,16
3769,57.5,58.5,16
3770,58.5,58.5,16
3771,59.5,58.5,16
3772,60.5,58.5,16
3773,61.5,58.5,16
3774,62.5,58.5,16
3775,63.5,58.5,16
3776,0.5,59.5,61
3777,1.5,59.5,61
3778,2.5,59.5,61
3779,3.5,59.5,61
3780,4.5,59.5,61
3781,5.5,59.5,61
3782,6.5,59.5,44
3783,7.5,59.5,44
3784,8.5,59.5,44
3785,9.5,59.5,44
3786,10.5,59.5,44
3787,11.5,59.5,44
3788,12.5,59.5,44
3789,13.5,59.5,44
3790,14.5,59.5,44
3791,15.5,59.5,44
3792,16.5,59.5,93
3793,17.5,59.5,93
3794,18.5,59.5,93
3795,19.5,59.5,93
3796,20.5,59.5,93
3797,21.5,59.5,93
3798,22.5,59.5,93
3799,23.5,59.5,93
3800,24.5,59.5,93
3801,25.5,59.5,93
3802,26.5,59.5,93
3803,27.5,59.5,52
3804,28.5,59.5,52
3805,29.5,59.5,52
3806,30.5,59.5,5
3807,31.5,59.5,5
3808,32.5,59.5,5
3809,33.5,59.5,5
3810,34.5,59.5,5
3811,35.5,59.5,1
3812,36.5,59.5,1
3813,37.5,59.5,1
3814,38.5,59.5,1
3815,39.5,59.5,72
3816,40.5,59.5,72
3817,41.5,59.5,72
3818,42.5,59.5,72
3819,43.5,59.5,72
3820,44.5,59.5,2
3821,45.5,59.5,2
3822,46.5,59.5,2
3823,47.5,59.5,2
3824,48.5,59.5,2
3825,49.5,59.5,2
3826,50.5,59.5,2
3827,51.5,59.5,16
3828,52.5,59.5,16
3829,53.5,59.5,16
3830,54.5,59.5,16
3831,55.5,59.5,16
3832,56.5,59.5,16
3833,57.5,59.5,16
3834,58.5,59.5,16
3835,59.5,59.5,16
3836,60.5,59.5,16
3837,61.5,59.5,16
3838,62.5,59.5,16
3839,63.5,59.5,16
3840,0.5,60.5,61
3841,1.5,60.5,61
3842,2.5,60.5,61
3843,3.5,60.5,61
3844,4.5,60.5,61
3845,5.5,60.5,61
3846,6.5,60.5,61
3847,7.5,60.5,44
3848,8.5,60.5,44
3849,9.5,60.5,44
3850,10.5,60.5,44
3851,11.5,60.5,44
3852,12.5,60.5,44
3853,13.5,60.5,44
3854,14.5,60.5,44
3855,15.5,60.5,44
3856,16.5,60.5,93
3857,17.5,60.5,93
3858,18.5,60.5,93
3859,19.5,60.5,93
3860,20.5,60.5,93
3861,21.5,60.5,93
3862,22.5,60.5,93
3863,23.5,60.5,93
3864,24.5,60.5,93
3865,25.5,60.5,93
3866,26.5,60.5,93
3867,27.5,60.5,52
3868,28.5,60.5,52
3869,29.5,60.5,5
3870,30.5,60.5,5
3871,31.5,60.5,5
3872,32.5,60.5,5
3873,33.5,60.5,5
3874,34.5,60.5,5
3875,35.5,60.5,1
3876,36.5,60.5,1
3877,37.5,60.5,1
3878,38.5,60.5,1
3879,39.5,60.5,72
3880,40.5,60.5,72
3881,41.5,60.5,72
3882,42.5,60.5,72
3883,43.5,60.5,72
3884,44.5,60.5,2
3885,45.5,60.5,2
3886,46.5,60.5,2
3887,47.5,60.5,2
3888,48.5,60.5,2
3889,49.5,60.5,2
3890,50.5,60.5,2
3891,51.5,60.5,16
3892,52.5,60.5,16
3893,53.5,60.5,16
3894,54.5,60.5,16
3895,55.5,60.5,16
3896,56.5,60.5,16
3897,57.5,60.5,16
3898,58.5,60.5,16
3899,59.5,60.5,16
3900,60.5,60.5,16
3901,61.5,60.5,16
3902,62.5,60.5,16
3903,63.5,60.5,16
3904,0.5,61.5,61
3905,1.5,61.5,61
3906,2.5,61.5,61
3907,3.5,61.5,61
3908,4.5,61.5,61
3909,5.5,61.5,61
3910,6.5,61.5,61
3911,7.5,61.5,44
3912,8.5,61.5,44
3913,9.5,61.5,44
3914,10.5,61.5,44
3915,11.5,61.5,44
3916,12.5,61.5,44
3917,13.5,61.5,44
3918,14.5,61.5,44
3919,15.5,61.5,44
3920,16.5,61.5,93
3921,17.5,61.5,93
3922,18.5,61.5,93
3923,19.5,61.5,93
3924,20.5,61.5,93
3925,21.5,61.5,93
3926,22.5,61.5,93
3927,23.5,61.5,93
3928,24.5,61.5,93
3929,25.5,61.5,93
3930,26.5,61.5,93
3931,27.5,61.5,5
3932,28.5,61.5,5
3933,29.5,61.5,5
3934,30.5,61.5,5
3935,31.5,61.5,5
3936,32.5,61.5,5
3937,33.5,61.5,5
3938,34.5,61.5,5
3939,35.5,61.5,5
3940,36.5,61.5,1
3941,37.5,61.5,1
3942,38.5,61.5,1
3943,39.5,61.5,72
3944,40.5,61.5,72
3945,41.5,61.5,72
3946,42.5,61.5,72
3947,43.5,61.5,72
3948,44.5,61.5,2
3949,45.5,61.5,2
3950,46.5,61.5,2
3951,47.5,61.5,2
3952,48.5,61.5,2
3953,49.5,61.5,2
3954,50.5,61.5,2
3955,51.5,61.5,2
3956,52.5,61.5,16
3957,53.5,61.5,16
3958,54.5,61.5,16
3959,55.5,61.5,16
3960,56.5,61.5,16
3961,57.5,61.5,16
3962,58.5,61.5,16
3963,59.5,61.5,16
3964,60.5,61.5,16
3965,61.5,61.5,16
3966,62.5,61.5,16
3967,63.5,61.5,16
3968,0.5,62.5,61
3969,1.5,62.5,61
3970,2.5,62.5,61
3971,3.5,62.5,61
3972,4.5,62.5,61
3973,5.5,62.5,61
3974,6.5,62.5,61
3975,7.5,62.5,61
3976,8.5,62.5,44
3977,9.5,62.5,44
3978,10.5,62.5,44
3979,11.5,62.5,44
3980,12.5,62.5,44
3981,13.5,62.5,44
3982,14.5,62.5,44
3983,15.5,62.5,44
3984,16.5,62.5,93
3985,17.5,62.5,93
3986,18.5,62.5,93
3987,19.5,62.5,93
3988,20.5,62.5,93
3989,21.5,62.5,93
3990,22.5,62.5,93
3991,23.5,62.5,93
3992,24.5,62.5,93
3993,25.5,62.5,93
3994,26.5,62.5,93
3995,27.5,62.5,5
3996,28.5,62.5,5
3997,29.5,62.5,5
3998,30.5,62.5,5
3999,31.5,62.5,5
4000,32.5,62.5,5
4001,33.5,62.5,5
4002,34.5,62.5,5
4003,35.5,62.5,5
4004,36.5,62.5,1
4005,37.5,62.5,1
4006,38.5,62.5,1
4007,39.5,62.5,1
4008,40.5,62.5,72
4009,41.5,62.5,72
4010,42.5,62.5,72
4011,43.5,62.5,72
4012,44.5,62.5,2
4013,45.5,62.5,2
4014,46.5,62.5,2
4015,47.5,62.5,2
4016,48.5,62.5,2
4017,49.5,62.5,2
4018,50.5,62.5,2
4019,51.5,62.5,2
4020,52.5,62.5,16
4021,53.5,62.5,16
4022,54.5,62.5,16
4023,55.5,62.5,16
4024,56.5,62.5,16
4025,57.5,62.5,16
4026,58.5,62.5,16
4027,59.5,62.5,16
4028,60.5,62.5,16
4029,61.5,62.5,16
4030,62.5,62.5,16
4031,63.5,62.5,16
4032,0.5,63.5,61
4033,1.5,63.5,61
4034,2.5,63.5,61
4035,3.5,63.5,61
4036,4.5,63.5,61
4037,5.5,63.5,61
4038,6.5,63.5,61
4039,7.5,63.5,61
4040,8.5,63.5,61
4041,9.5,63.5,44
4042,10.5,63.5,44
4043,11.5,63.5,44
4044,12.5,63.5,44
4045,13.5,63.5,44
4046,14.5,63.5,44
4047,15.5,63.5,44
4048,16.5,63.5,93
4049,17.5,63.5,93
4050,18.5,63.5,93
4051,19.5,63.5,93
4052,20.5,63.5,93
4053,21.5,63.5,93
4054,22.5,63.5,93
4055,23.5,63.5,93
4056,24.5,63.5,93
4057,25.5,63.5,93
4058,26.5,63.5,5
4059,27.5,63.5,5
4060,28.5,63.5,5
4061,29.5,63.5,5
4062,30.5,63.5,5
4063,31.5,63.5,5
4064,32.5,63.5,5
4065,33.5,63.5,5
4066,34.5,63.5,5
4067,35.5,63.5,5
4068,36.5,63.5,1
4069,37.5,63.5,1
4070,38.5,63.5,1
4071,39.5,63.5,1
4072,40.5,63.5,72
4073,41.5,63.5,72
4074,42.5,63.5,72
4075,43.5,63.5,72
4076,44.5,63.5,2
4077,45.5,63.5,2
4078,46.5,63.5,2
4079,47.5,63.5,2
4080,48.5,63.5,2
4081,49.5,63.5,2
4082,50.5,63.5,2
4083,51.5,63.5,2
4084,52.5,63.5,2
4085,53.5,63.5,16
4086,54.5,63.5,16
4087,55.5,63.5,16
4088,56.5,63.5,16
4089,57.5,63.5,16
4090,58.5,63.5,16
4091,59.5,63.5,16
4092,60.5,63.5,16
4093,61.5,63.5,16
4094,62.5,63.5,16
4095,63.5,63.5,16
